date,open,high,low,close,volume,average,barCount
2025-03-03 17:00:00-06:00,5929.75,5930.25,5924.0,5924.0,8.0,5927.95,7
2025-03-03 17:01:00-06:00,5925.0,5925.0,5925.0,5925.0,1.0,5925.0,1
2025-03-03 17:02:00-06:00,5924.25,5924.25,5923.0,5923.0,4.0,5923.825,4
2025-03-03 17:03:00-06:00,5923.0,5923.0,5923.0,5923.0,2.0,5923.0,2
2025-03-03 17:04:00-06:00,5925.0,5925.0,5925.0,5925.0,2.0,5925.0,1
2025-03-03 17:05:00-06:00,5926.75,5926.75,5926.75,5926.75,1.0,5926.75,1
2025-03-03 17:06:00-06:00,5928.0,5928.5,5928.0,5928.5,3.0,5928.175,2
2025-03-03 17:07:00-06:00,5928.5,5928.5,5928.5,5928.5,0.0,5928.5,0
2025-03-03 17:08:00-06:00,5927.25,5927.25,5927.25,5927.25,1.0,5927.25,1
2025-03-03 17:09:00-06:00,5927.25,5927.25,5926.0,5926.5,3.0,5926.575,3
2025-03-03 17:10:00-06:00,5926.5,5926.5,5926.5,5926.5,8.0,5926.5,1
2025-03-03 17:11:00-06:00,5927.0,5927.0,5924.5,5924.5,4.0,5925.75,3
2025-03-03 17:12:00-06:00,5927.25,5927.25,5927.25,5927.25,1.0,5927.25,1
2025-03-03 17:13:00-06:00,5926.5,5927.0,5926.5,5927.0,7.0,5926.575,2
2025-03-03 17:14:00-06:00,5927.0,5927.0,5927.0,5927.0,0.0,5927.0,0
2025-03-03 17:15:00-06:00,5927.25,5927.25,5927.25,5927.25,1.0,5927.25,1
2025-03-03 17:16:00-06:00,5929.75,5930.25,5929.25,5930.25,4.0,5929.825,4
2025-03-03 17:17:00-06:00,5930.25,5930.25,5930.25,5930.25,0.0,5930.25,0
2025-03-03 17:18:00-06:00,5930.25,5930.25,5930.25,5930.25,0.0,5930.25,0
2025-03-03 17:19:00-06:00,5930.25,5930.25,5930.25,5930.25,0.0,5930.25,0
2025-03-03 17:20:00-06:00,5928.25,5928.25,5928.25,5928.25,1.0,5928.25,1
2025-03-03 17:21:00-06:00,5928.25,5928.25,5928.25,5928.25,0.0,5928.25,0
2025-03-03 17:22:00-06:00,5930.0,5930.0,5930.0,5930.0,2.0,5930.0,1
2025-03-03 17:23:00-06:00,5931.25,5932.75,5931.25,5932.75,10.0,5932.025,4
2025-03-03 17:24:00-06:00,5932.75,5932.75,5932.75,5932.75,0.0,5932.75,0
2025-03-03 17:25:00-06:00,5932.5,5932.5,5932.5,5932.5,1.0,5932.5,1
2025-03-03 17:26:00-06:00,5935.0,5935.0,5935.0,5935.0,1.0,5935.0,1
2025-03-03 17:27:00-06:00,5935.0,5935.0,5935.0,5935.0,3.0,5935.0,2
2025-03-03 17:28:00-06:00,5935.0,5935.25,5935.0,5935.25,2.0,5935.125,2
2025-03-03 17:29:00-06:00,5935.25,5935.25,5935.25,5935.25,0.0,5935.25,0
2025-03-03 17:30:00-06:00,5934.0,5936.0,5934.0,5936.0,16.0,5935.2,6
2025-03-03 17:31:00-06:00,5935.25,5936.25,5935.25,5936.25,2.0,5935.75,2
2025-03-03 17:32:00-06:00,5936.25,5936.25,5936.25,5936.25,0.0,5936.25,0
2025-03-03 17:33:00-06:00,5933.25,5933.25,5932.75,5932.75,3.0,5933.0,3
2025-03-03 17:34:00-06:00,5933.25,5933.5,5932.75,5932.75,36.0,5933.025,9
2025-03-03 17:35:00-06:00,5932.5,5932.5,5932.5,5932.5,1.0,5932.5,1
2025-03-03 17:36:00-06:00,5932.0,5932.0,5932.0,5932.0,1.0,5932.0,1
2025-03-03 17:37:00-06:00,5932.25,5932.25,5932.25,5932.25,1.0,5932.25,1
2025-03-03 17:38:00-06:00,5931.5,5931.5,5930.75,5930.75,2.0,5931.125,2
2025-03-03 17:39:00-06:00,5930.75,5930.75,5930.75,5930.75,0.0,5930.75,0
2025-03-03 17:40:00-06:00,5930.75,5930.75,5930.75,5930.75,0.0,5930.75,0
2025-03-03 17:41:00-06:00,5930.0,5930.0,5930.0,5930.0,2.0,5930.0,1
2025-03-03 17:42:00-06:00,5930.0,5930.0,5930.0,5930.0,0.0,5930.0,0
2025-03-03 17:43:00-06:00,5927.5,5927.5,5927.5,5927.5,2.0,5927.5,1
2025-03-03 17:44:00-06:00,5927.25,5927.75,5926.75,5926.75,4.0,5927.125,4
2025-03-03 17:45:00-06:00,5926.75,5926.75,5926.75,5926.75,0.0,5926.75,0
2025-03-03 17:46:00-06:00,5926.75,5927.5,5926.25,5926.25,4.0,5926.875,4
2025-03-03 17:47:00-06:00,5927.25,5927.25,5927.25,5927.25,2.0,5927.25,2
2025-03-03 17:48:00-06:00,5927.25,5927.25,5927.25,5927.25,0.0,5927.25,0
2025-03-03 17:49:00-06:00,5927.25,5927.25,5924.0,5924.0,7.0,5925.925,6
2025-03-03 17:50:00-06:00,5924.0,5924.0,5923.75,5923.75,2.0,5923.875,2
2025-03-03 17:51:00-06:00,5924.25,5925.5,5924.25,5925.5,2.0,5924.875,2
2025-03-03 17:52:00-06:00,5925.5,5925.5,5925.5,5925.5,0.0,5925.5,0
2025-03-03 17:53:00-06:00,5926.0,5926.0,5926.0,5926.0,1.0,5926.0,1
2025-03-03 17:54:00-06:00,5926.0,5926.0,5926.0,5926.0,0.0,5926.0,0
2025-03-03 17:55:00-06:00,5926.0,5926.0,5926.0,5926.0,0.0,5926.0,0
2025-03-03 17:56:00-06:00,5928.0,5928.0,5927.5,5927.5,4.0,5927.875,2
2025-03-03 17:57:00-06:00,5926.0,5926.0,5926.0,5926.0,1.0,5926.0,1
2025-03-03 17:58:00-06:00,5923.5,5924.75,5923.5,5924.75,2.0,5924.125,2
2025-03-03 17:59:00-06:00,5925.5,5925.5,5925.5,5925.5,1.0,5925.5,1
2025-03-03 18:00:00-06:00,5925.75,5925.75,5925.75,5925.75,1.0,5925.75,1
2025-03-03 18:01:00-06:00,5925.75,5925.75,5925.75,5925.75,0.0,5925.75,0
2025-03-03 18:02:00-06:00,5923.25,5923.25,5923.25,5923.25,1.0,5923.25,1
2025-03-03 18:03:00-06:00,5923.25,5923.25,5923.25,5923.25,0.0,5923.25,0
2025-03-03 18:04:00-06:00,5923.25,5923.25,5923.25,5923.25,0.0,5923.25,0
2025-03-03 18:05:00-06:00,5923.25,5923.25,5923.25,5923.25,0.0,5923.25,0
2025-03-03 18:06:00-06:00,5925.75,5926.75,5925.75,5926.75,2.0,5926.25,2
2025-03-03 18:07:00-06:00,5926.75,5926.75,5926.75,5926.75,0.0,5926.75,0
2025-03-03 18:08:00-06:00,5926.75,5926.75,5926.75,5926.75,0.0,5926.75,0
2025-03-03 18:09:00-06:00,5923.0,5923.0,5923.0,5923.0,1.0,5923.0,1
2025-03-03 18:10:00-06:00,5923.0,5923.0,5923.0,5923.0,0.0,5923.0,0
2025-03-03 18:11:00-06:00,5922.5,5923.75,5922.5,5923.75,6.0,5923.5,3
2025-03-03 18:12:00-06:00,5923.5,5923.5,5923.5,5923.5,1.0,5923.5,1
2025-03-03 18:13:00-06:00,5923.0,5923.0,5923.0,5923.0,1.0,5923.0,1
2025-03-03 18:14:00-06:00,5924.25,5924.25,5924.25,5924.25,1.0,5924.25,1
2025-03-03 18:15:00-06:00,5922.0,5922.0,5922.0,5922.0,1.0,5922.0,1
2025-03-03 18:16:00-06:00,5926.25,5926.25,5926.25,5926.25,1.0,5926.25,1
2025-03-03 18:17:00-06:00,5926.25,5926.25,5926.25,5926.25,0.0,5926.25,0
2025-03-03 18:18:00-06:00,5927.25,5928.25,5927.25,5928.0,5.0,5927.85,4
2025-03-03 18:19:00-06:00,5928.0,5928.0,5928.0,5928.0,0.0,5928.0,0
2025-03-03 18:20:00-06:00,5930.0,5930.75,5930.0,5930.75,5.0,5930.3,4
2025-03-03 18:21:00-06:00,5931.5,5931.5,5931.5,5931.5,1.0,5931.5,1
2025-03-03 18:22:00-06:00,5931.5,5931.5,5931.5,5931.5,0.0,5931.5,0
2025-03-03 18:23:00-06:00,5931.5,5931.5,5931.5,5931.5,0.0,5931.5,0
2025-03-03 18:24:00-06:00,5929.25,5929.25,5929.25,5929.25,1.0,5929.25,1
2025-03-03 18:25:00-06:00,5929.0,5929.0,5929.0,5929.0,1.0,5929.0,1
2025-03-03 18:26:00-06:00,5927.25,5927.25,5927.25,5927.25,1.0,5927.25,1
2025-03-03 18:27:00-06:00,5927.25,5927.25,5927.25,5927.25,0.0,5927.25,0
2025-03-03 18:28:00-06:00,5928.75,5928.75,5928.75,5928.75,1.0,5928.75,1
2025-03-03 18:29:00-06:00,5928.75,5928.75,5928.75,5928.75,0.0,5928.75,0
2025-03-03 18:30:00-06:00,5928.75,5928.75,5928.75,5928.75,0.0,5928.75,0
2025-03-03 18:31:00-06:00,5929.25,5929.25,5929.25,5929.25,1.0,5929.25,1
2025-03-03 18:32:00-06:00,5929.25,5929.25,5929.25,5929.25,0.0,5929.25,0
2025-03-03 18:33:00-06:00,5929.25,5929.25,5929.25,5929.25,0.0,5929.25,0
2025-03-03 18:34:00-06:00,5929.25,5929.25,5929.25,5929.25,0.0,5929.25,0
2025-03-03 18:35:00-06:00,5929.25,5929.25,5929.25,5929.25,0.0,5929.25,0
2025-03-03 18:36:00-06:00,5926.5,5926.5,5926.5,5926.5,1.0,5926.5,1
2025-03-03 18:37:00-06:00,5928.75,5928.75,5928.75,5928.75,2.0,5928.75,1
2025-03-03 18:38:00-06:00,5928.5,5928.5,5928.5,5928.5,4.0,5928.5,1
2025-03-03 18:39:00-06:00,5928.5,5928.5,5928.5,5928.5,0.0,5928.5,0
2025-03-03 18:40:00-06:00,5928.5,5928.5,5926.5,5926.5,2.0,5927.5,2
2025-03-03 18:41:00-06:00,5926.5,5926.5,5926.5,5926.5,0.0,5926.5,0
2025-03-03 18:42:00-06:00,5926.0,5926.0,5926.0,5926.0,2.0,5926.0,1
2025-03-03 18:43:00-06:00,5926.0,5926.0,5926.0,5926.0,0.0,5926.0,0
2025-03-03 18:44:00-06:00,5926.0,5926.0,5926.0,5926.0,0.0,5926.0,0
2025-03-03 18:45:00-06:00,5926.0,5926.0,5926.0,5926.0,0.0,5926.0,0
2025-03-03 18:46:00-06:00,5926.0,5926.0,5926.0,5926.0,0.0,5926.0,0
2025-03-03 18:47:00-06:00,5923.25,5923.25,5923.25,5923.25,1.0,5923.25,1
2025-03-03 18:48:00-06:00,5922.75,5923.0,5917.75,5923.0,12.0,5921.275,8
2025-03-03 18:49:00-06:00,5925.25,5926.0,5925.25,5926.0,3.0,5925.5,2
2025-03-03 18:50:00-06:00,5926.0,5926.0,5926.0,5926.0,0.0,5926.0,0
2025-03-03 18:51:00-06:00,5926.0,5926.0,5926.0,5926.0,0.0,5926.0,0
2025-03-03 18:52:00-06:00,5926.0,5926.0,5926.0,5926.0,0.0,5926.0,0
2025-03-03 18:53:00-06:00,5926.0,5926.0,5926.0,5926.0,0.0,5926.0,0
2025-03-03 18:54:00-06:00,5931.0,5931.0,5930.5,5930.5,5.0,5930.75,3
2025-03-03 18:55:00-06:00,5930.0,5930.0,5930.0,5930.0,1.0,5930.0,1
2025-03-03 18:56:00-06:00,5930.0,5930.0,5930.0,5930.0,0.0,5930.0,0
2025-03-03 18:57:00-06:00,5933.0,5933.0,5933.0,5933.0,4.0,5933.0,1
2025-03-03 18:58:00-06:00,5934.0,5934.0,5934.0,5934.0,1.0,5934.0,1
2025-03-03 18:59:00-06:00,5932.0,5932.0,5931.75,5931.75,2.0,5931.875,2
2025-03-03 19:00:00-06:00,5936.25,5936.5,5933.25,5934.5,8.0,5935.0,5
2025-03-03 19:01:00-06:00,5934.5,5934.5,5934.5,5934.5,0.0,5934.5,0
2025-03-03 19:02:00-06:00,5934.5,5934.5,5934.5,5934.5,0.0,5934.5,0
2025-03-03 19:03:00-06:00,5934.5,5934.5,5934.5,5934.5,0.0,5934.5,0
2025-03-03 19:04:00-06:00,5930.0,5930.0,5930.0,5930.0,3.0,5930.0,3
2025-03-03 19:05:00-06:00,5930.0,5930.0,5930.0,5930.0,0.0,5930.0,0
2025-03-03 19:06:00-06:00,5930.0,5930.0,5930.0,5930.0,0.0,5930.0,0
2025-03-03 19:07:00-06:00,5929.5,5929.5,5929.5,5929.5,1.0,5929.5,1
2025-03-03 19:08:00-06:00,5929.5,5929.5,5929.5,5929.5,0.0,5929.5,0
2025-03-03 19:09:00-06:00,5929.75,5929.75,5929.75,5929.75,10.0,5929.75,1
2025-03-03 19:10:00-06:00,5929.75,5929.75,5929.75,5929.75,0.0,5929.75,0
2025-03-03 19:11:00-06:00,5929.75,5929.75,5929.75,5929.75,0.0,5929.75,0
2025-03-03 19:12:00-06:00,5930.0,5930.75,5930.0,5930.75,2.0,5930.375,2
2025-03-03 19:13:00-06:00,5927.0,5927.0,5925.0,5925.0,2.0,5926.0,2
2025-03-03 19:14:00-06:00,5924.0,5924.0,5924.0,5924.0,2.0,5924.0,1
2025-03-03 19:15:00-06:00,5925.25,5925.25,5925.25,5925.25,1.0,5925.25,1
2025-03-03 19:16:00-06:00,5929.5,5929.5,5929.5,5929.5,7.0,5929.5,1
2025-03-03 19:17:00-06:00,5929.5,5929.5,5929.5,5929.5,0.0,5929.5,0
2025-03-03 19:18:00-06:00,5924.25,5924.25,5924.25,5924.25,5.0,5924.25,1
2025-03-03 19:19:00-06:00,5924.25,5924.25,5924.25,5924.25,1.0,5924.25,1
2025-03-03 19:20:00-06:00,5922.25,5922.5,5922.25,5922.5,2.0,5922.375,2
2025-03-03 19:21:00-06:00,5922.5,5922.5,5922.5,5922.5,0.0,5922.5,0
2025-03-03 19:22:00-06:00,5924.25,5924.25,5924.25,5924.25,1.0,5924.25,1
2025-03-03 19:23:00-06:00,5924.25,5924.25,5924.25,5924.25,0.0,5924.25,0
2025-03-03 19:24:00-06:00,5924.25,5924.25,5924.25,5924.25,0.0,5924.25,0
2025-03-03 19:25:00-06:00,5924.25,5924.25,5924.25,5924.25,0.0,5924.25,0
2025-03-03 19:26:00-06:00,5924.25,5924.25,5924.25,5924.25,0.0,5924.25,0
2025-03-03 19:27:00-06:00,5924.25,5924.25,5924.25,5924.25,0.0,5924.25,0
2025-03-03 19:28:00-06:00,5924.25,5924.25,5924.25,5924.25,0.0,5924.25,0
2025-03-03 19:29:00-06:00,5921.0,5921.0,5921.0,5921.0,5.0,5921.0,1
2025-03-03 19:30:00-06:00,5923.0,5923.0,5922.5,5923.0,14.0,5922.925,3
2025-03-03 19:31:00-06:00,5921.75,5921.75,5921.75,5921.75,6.0,5921.75,1
2025-03-03 19:32:00-06:00,5920.0,5920.0,5920.0,5920.0,1.0,5920.0,1
2025-03-03 19:33:00-06:00,5920.25,5920.25,5917.25,5917.25,10.0,5918.45,5
2025-03-03 19:34:00-06:00,5917.5,5917.5,5917.5,5917.5,1.0,5917.5,1
2025-03-03 19:35:00-06:00,5918.5,5920.0,5918.5,5920.0,4.0,5918.95,3
2025-03-03 19:36:00-06:00,5920.75,5920.75,5920.75,5920.75,1.0,5920.75,1
2025-03-03 19:37:00-06:00,5917.25,5917.5,5917.25,5917.25,13.0,5917.3,5
2025-03-03 19:38:00-06:00,5919.5,5919.5,5919.5,5919.5,10.0,5919.5,1
2025-03-03 19:39:00-06:00,5920.25,5920.25,5920.25,5920.25,2.0,5920.25,1
2025-03-03 19:40:00-06:00,5919.0,5922.0,5919.0,5922.0,2.0,5920.5,2
2025-03-03 19:41:00-06:00,5922.0,5922.0,5922.0,5922.0,0.0,5922.0,0
2025-03-03 19:42:00-06:00,5921.75,5922.0,5921.75,5922.0,8.0,5921.95,3
2025-03-03 19:43:00-06:00,5923.0,5923.0,5923.0,5923.0,1.0,5923.0,1
2025-03-03 19:44:00-06:00,5923.0,5923.0,5923.0,5923.0,0.0,5923.0,0
2025-03-03 19:45:00-06:00,5923.0,5923.0,5923.0,5923.0,0.0,5923.0,0
2025-03-03 19:46:00-06:00,5923.0,5923.0,5923.0,5923.0,0.0,5923.0,0
2025-03-03 19:47:00-06:00,5923.0,5923.0,5923.0,5923.0,2.0,5923.0,1
2025-03-03 19:48:00-06:00,5924.75,5924.75,5923.25,5923.25,4.0,5923.825,3
2025-03-03 19:49:00-06:00,5923.25,5923.25,5923.25,5923.25,0.0,5923.25,0
2025-03-03 19:50:00-06:00,5921.75,5921.75,5921.75,5921.75,1.0,5921.75,1
2025-03-03 19:51:00-06:00,5920.75,5921.0,5920.75,5921.0,4.0,5920.875,4
2025-03-03 19:52:00-06:00,5921.0,5921.0,5921.0,5921.0,0.0,5921.0,0
2025-03-03 19:53:00-06:00,5922.0,5922.0,5920.75,5920.75,5.0,5921.75,2
2025-03-03 19:54:00-06:00,5920.75,5920.75,5920.75,5920.75,0.0,5920.75,0
2025-03-03 19:55:00-06:00,5920.75,5920.75,5920.75,5920.75,0.0,5920.75,0
2025-03-03 19:56:00-06:00,5921.5,5921.5,5921.5,5921.5,4.0,5921.5,1
2025-03-03 19:57:00-06:00,5923.0,5923.75,5922.0,5922.0,3.0,5922.925,3
2025-03-03 19:58:00-06:00,5918.5,5918.5,5918.0,5918.0,2.0,5918.25,2
2025-03-03 19:59:00-06:00,5915.0,5917.0,5915.0,5917.0,3.0,5915.675,2
2025-03-03 20:00:00-06:00,5916.5,5916.5,5916.5,5916.5,1.0,5916.5,1
2025-03-03 20:01:00-06:00,5920.75,5920.75,5920.75,5920.75,3.0,5920.75,2
2025-03-03 20:02:00-06:00,5920.75,5920.75,5920.75,5920.75,0.0,5920.75,0
2025-03-03 20:03:00-06:00,5920.75,5920.75,5920.75,5920.75,0.0,5920.75,0
2025-03-03 20:04:00-06:00,5920.75,5920.75,5920.75,5920.75,0.0,5920.75,0
2025-03-03 20:05:00-06:00,5916.5,5916.5,5916.5,5916.5,1.0,5916.5,1
2025-03-03 20:06:00-06:00,5916.5,5916.5,5916.5,5916.5,0.0,5916.5,0
2025-03-03 20:07:00-06:00,5917.0,5917.0,5915.0,5915.0,3.0,5915.675,2
2025-03-03 20:08:00-06:00,5914.75,5914.75,5914.5,5914.5,4.0,5914.625,2
2025-03-03 20:09:00-06:00,5914.5,5914.5,5914.5,5914.5,0.0,5914.5,0
2025-03-03 20:10:00-06:00,5914.5,5914.5,5914.5,5914.5,0.0,5914.5,0
2025-03-03 20:11:00-06:00,5918.0,5918.0,5918.0,5918.0,1.0,5918.0,1
2025-03-03 20:12:00-06:00,5920.0,5920.0,5920.0,5920.0,3.0,5920.0,1
2025-03-03 20:13:00-06:00,5922.0,5922.0,5922.0,5922.0,1.0,5922.0,1
2025-03-03 20:14:00-06:00,5922.0,5922.0,5922.0,5922.0,0.0,5922.0,0
2025-03-03 20:15:00-06:00,5922.5,5922.5,5922.5,5922.5,1.0,5922.5,1
2025-03-03 20:16:00-06:00,5922.5,5922.5,5922.5,5922.5,0.0,5922.5,0
2025-03-03 20:17:00-06:00,5922.5,5922.5,5922.5,5922.5,0.0,5922.5,0
2025-03-03 20:18:00-06:00,5923.5,5923.75,5923.25,5923.25,4.0,5923.575,3
2025-03-03 20:19:00-06:00,5923.25,5923.25,5923.25,5923.25,0.0,5923.25,0
2025-03-03 20:20:00-06:00,5920.25,5920.25,5920.0,5920.0,2.0,5920.125,2
2025-03-03 20:21:00-06:00,5921.75,5922.75,5921.75,5922.75,3.0,5922.425,3
2025-03-03 20:22:00-06:00,5922.75,5922.75,5922.75,5922.75,0.0,5922.75,0
2025-03-03 20:23:00-06:00,5922.75,5922.75,5922.75,5922.75,0.0,5922.75,0
2025-03-03 20:24:00-06:00,5923.25,5923.25,5922.75,5922.75,3.0,5923.075,2
2025-03-03 20:25:00-06:00,5923.0,5923.0,5923.0,5923.0,1.0,5923.0,1
2025-03-03 20:26:00-06:00,5922.0,5922.0,5922.0,5922.0,1.0,5922.0,1
2025-03-03 20:27:00-06:00,5922.0,5922.0,5922.0,5922.0,1.0,5922.0,1
2025-03-03 20:28:00-06:00,5923.5,5923.5,5923.5,5923.5,3.0,5923.5,1
2025-03-03 20:29:00-06:00,5924.0,5924.5,5923.75,5924.5,5.0,5924.05,4
2025-03-03 20:30:00-06:00,5924.5,5924.5,5924.5,5924.5,1.0,5924.5,1
2025-03-03 20:31:00-06:00,5924.5,5924.5,5923.75,5923.75,3.0,5924.25,2
2025-03-03 20:32:00-06:00,5923.75,5923.75,5923.75,5923.75,0.0,5923.75,0
2025-03-03 20:33:00-06:00,5923.75,5923.75,5923.75,5923.75,0.0,5923.75,0
2025-03-03 20:34:00-06:00,5925.25,5925.25,5925.25,5925.25,1.0,5925.25,1
2025-03-03 20:35:00-06:00,5925.25,5925.25,5925.25,5925.25,0.0,5925.25,0
2025-03-03 20:36:00-06:00,5925.25,5925.25,5925.25,5925.25,0.0,5925.25,0
2025-03-03 20:37:00-06:00,5925.25,5925.25,5925.25,5925.25,0.0,5925.25,0
2025-03-03 20:38:00-06:00,5925.25,5925.25,5925.25,5925.25,0.0,5925.25,0
2025-03-03 20:39:00-06:00,5925.25,5925.25,5925.25,5925.25,0.0,5925.25,0
2025-03-03 20:40:00-06:00,5926.0,5926.0,5926.0,5926.0,2.0,5926.0,1
2025-03-03 20:41:00-06:00,5926.0,5926.0,5926.0,5926.0,0.0,5926.0,0
2025-03-03 20:42:00-06:00,5926.0,5926.0,5926.0,5926.0,0.0,5926.0,0
2025-03-03 20:43:00-06:00,5927.75,5927.75,5927.75,5927.75,3.0,5927.75,1
2025-03-03 20:44:00-06:00,5927.75,5927.75,5927.75,5927.75,1.0,5927.75,1
2025-03-03 20:45:00-06:00,5927.5,5928.0,5927.5,5928.0,4.0,5927.875,2
2025-03-03 20:46:00-06:00,5928.0,5928.0,5928.0,5928.0,0.0,5928.0,0
2025-03-03 20:47:00-06:00,5928.0,5928.0,5928.0,5928.0,0.0,5928.0,0
2025-03-03 20:48:00-06:00,5927.75,5927.75,5927.75,5927.75,4.0,5927.75,1
2025-03-03 20:49:00-06:00,5927.75,5927.75,5927.75,5927.75,0.0,5927.75,0
2025-03-03 20:50:00-06:00,5926.0,5926.0,5926.0,5926.0,1.0,5926.0,1
2025-03-03 20:51:00-06:00,5926.0,5926.0,5926.0,5926.0,0.0,5926.0,0
2025-03-03 20:52:00-06:00,5926.0,5926.0,5925.25,5925.25,3.0,5925.5,3
2025-03-03 20:53:00-06:00,5927.75,5927.75,5926.0,5926.0,2.0,5926.875,2
2025-03-03 20:54:00-06:00,5926.0,5926.0,5926.0,5926.0,0.0,5926.0,0
2025-03-03 20:55:00-06:00,5926.0,5926.0,5926.0,5926.0,0.0,5926.0,0
2025-03-03 20:56:00-06:00,5926.0,5926.0,5926.0,5926.0,0.0,5926.0,0
2025-03-03 20:57:00-06:00,5926.0,5926.0,5926.0,5926.0,0.0,5926.0,0
2025-03-03 20:58:00-06:00,5926.0,5926.0,5926.0,5926.0,0.0,5926.0,0
2025-03-03 20:59:00-06:00,5926.0,5926.0,5926.0,5926.0,1.0,5926.0,1
2025-03-03 21:00:00-06:00,5926.0,5926.0,5926.0,5926.0,0.0,5926.0,0
2025-03-03 21:01:00-06:00,5927.75,5927.75,5927.75,5927.75,2.0,5927.75,1
2025-03-03 21:02:00-06:00,5925.25,5925.25,5925.25,5925.25,5.0,5925.25,1
2025-03-03 21:03:00-06:00,5923.75,5923.75,5923.75,5923.75,1.0,5923.75,1
2025-03-03 21:04:00-06:00,5923.75,5923.75,5923.75,5923.75,0.0,5923.75,0
2025-03-03 21:05:00-06:00,5923.75,5923.75,5923.75,5923.75,0.0,5923.75,0
2025-03-03 21:06:00-06:00,5923.75,5923.75,5923.75,5923.75,0.0,5923.75,0
2025-03-03 21:07:00-06:00,5927.0,5927.0,5927.0,5927.0,1.0,5927.0,1
2025-03-03 21:08:00-06:00,5924.0,5924.5,5924.0,5924.5,3.0,5924.175,3
2025-03-03 21:09:00-06:00,5924.5,5924.5,5924.5,5924.5,0.0,5924.5,0
2025-03-03 21:10:00-06:00,5923.5,5923.5,5923.5,5923.5,1.0,5923.5,1
2025-03-03 21:11:00-06:00,5925.0,5925.5,5924.5,5925.25,9.0,5924.8,5
2025-03-03 21:12:00-06:00,5925.25,5925.25,5925.25,5925.25,0.0,5925.25,0
2025-03-03 21:13:00-06:00,5925.25,5925.25,5925.25,5925.25,0.0,5925.25,0
2025-03-03 21:14:00-06:00,5925.25,5925.25,5925.25,5925.25,0.0,5925.25,0
2025-03-03 21:15:00-06:00,5925.25,5925.25,5925.25,5925.25,0.0,5925.25,0
2025-03-03 21:16:00-06:00,5923.75,5923.75,5923.75,5923.75,1.0,5923.75,1
2025-03-03 21:17:00-06:00,5923.75,5923.75,5923.75,5923.75,0.0,5923.75,0
2025-03-03 21:18:00-06:00,5923.75,5923.75,5923.75,5923.75,0.0,5923.75,0
2025-03-03 21:19:00-06:00,5923.75,5923.75,5923.75,5923.75,0.0,5923.75,0
2025-03-03 21:20:00-06:00,5931.25,5931.25,5930.5,5930.5,2.0,5930.875,2
2025-03-03 21:21:00-06:00,5930.5,5930.5,5930.5,5930.5,0.0,5930.5,0
2025-03-03 21:22:00-06:00,5930.5,5930.5,5930.5,5930.5,0.0,5930.5,0
2025-03-03 21:23:00-06:00,5930.5,5930.5,5930.5,5930.5,0.0,5930.5,0
2025-03-03 21:24:00-06:00,5930.5,5930.5,5930.5,5930.5,0.0,5930.5,0
2025-03-03 21:25:00-06:00,5930.5,5930.5,5930.5,5930.5,0.0,5930.5,0
2025-03-03 21:26:00-06:00,5930.5,5930.5,5930.5,5930.5,0.0,5930.5,0
2025-03-03 21:27:00-06:00,5930.5,5930.5,5930.5,5930.5,0.0,5930.5,0
2025-03-03 21:28:00-06:00,5927.75,5927.75,5927.75,5927.75,1.0,5927.75,1
2025-03-03 21:29:00-06:00,5929.25,5930.5,5929.25,5930.5,2.0,5929.875,2
2025-03-03 21:30:00-06:00,5930.5,5930.5,5930.5,5930.5,0.0,5930.5,0
2025-03-03 21:31:00-06:00,5930.5,5930.5,5930.5,5930.5,0.0,5930.5,0
2025-03-03 21:32:00-06:00,5930.5,5930.5,5930.5,5930.5,0.0,5930.5,0
2025-03-03 21:33:00-06:00,5930.5,5930.5,5930.5,5930.5,0.0,5930.5,0
2025-03-03 21:34:00-06:00,5927.75,5928.5,5927.75,5928.5,3.0,5928.175,3
2025-03-03 21:35:00-06:00,5928.5,5928.5,5928.5,5928.5,0.0,5928.5,0
2025-03-03 21:36:00-06:00,5928.5,5928.5,5928.5,5928.5,0.0,5928.5,0
2025-03-03 21:37:00-06:00,5929.0,5929.0,5929.0,5929.0,1.0,5929.0,1
2025-03-03 21:38:00-06:00,5929.0,5929.0,5929.0,5929.0,0.0,5929.0,0
2025-03-03 21:39:00-06:00,5928.75,5928.75,5928.0,5928.0,3.0,5928.325,3
2025-03-03 21:40:00-06:00,5928.0,5928.0,5928.0,5928.0,0.0,5928.0,0
2025-03-03 21:41:00-06:00,5925.5,5926.75,5925.5,5926.75,4.0,5926.45,2
2025-03-03 21:42:00-06:00,5926.75,5926.75,5926.75,5926.75,0.0,5926.75,0
2025-03-03 21:43:00-06:00,5926.75,5926.75,5926.75,5926.75,0.0,5926.75,0
2025-03-03 21:44:00-06:00,5926.5,5926.5,5926.5,5926.5,2.0,5926.5,1
2025-03-03 21:45:00-06:00,5926.5,5926.5,5926.5,5926.5,0.0,5926.5,0
2025-03-03 21:46:00-06:00,5926.5,5926.5,5926.5,5926.5,0.0,5926.5,0
2025-03-03 21:47:00-06:00,5926.75,5926.75,5926.75,5926.75,1.0,5926.75,1
2025-03-03 21:48:00-06:00,5926.75,5926.75,5926.75,5926.75,0.0,5926.75,0
2025-03-03 21:49:00-06:00,5926.75,5926.75,5926.75,5926.75,0.0,5926.75,0
2025-03-03 21:50:00-06:00,5926.75,5926.75,5926.75,5926.75,0.0,5926.75,0
2025-03-03 21:51:00-06:00,5926.75,5926.75,5926.75,5926.75,0.0,5926.75,0
2025-03-03 21:52:00-06:00,5926.75,5926.75,5926.75,5926.75,0.0,5926.75,0
2025-03-03 21:53:00-06:00,5928.0,5928.0,5928.0,5928.0,1.0,5928.0,1
2025-03-03 21:54:00-06:00,5927.5,5927.5,5927.5,5927.5,2.0,5927.5,1
2025-03-03 21:55:00-06:00,5927.5,5927.5,5927.5,5927.5,0.0,5927.5,0
2025-03-03 21:56:00-06:00,5928.25,5928.25,5928.25,5928.25,4.0,5928.25,1
2025-03-03 21:57:00-06:00,5928.25,5928.25,5928.25,5928.25,0.0,5928.25,0
2025-03-03 21:58:00-06:00,5928.25,5928.25,5928.25,5928.25,0.0,5928.25,0
2025-03-03 21:59:00-06:00,5928.25,5928.25,5928.25,5928.25,0.0,5928.25,0
2025-03-03 22:00:00-06:00,5928.25,5928.25,5928.25,5928.25,0.0,5928.25,0
2025-03-03 22:01:00-06:00,5928.25,5928.25,5928.25,5928.25,0.0,5928.25,0
2025-03-03 22:02:00-06:00,5926.5,5926.5,5926.5,5926.5,1.0,5926.5,1
2025-03-03 22:03:00-06:00,5925.25,5925.25,5925.25,5925.25,2.0,5925.25,1
2025-03-03 22:04:00-06:00,5925.25,5925.25,5925.25,5925.25,0.0,5925.25,0
2025-03-03 22:05:00-06:00,5925.25,5925.25,5925.25,5925.25,0.0,5925.25,0
2025-03-03 22:06:00-06:00,5926.5,5926.5,5926.5,5926.5,1.0,5926.5,1
2025-03-03 22:07:00-06:00,5926.5,5926.5,5926.5,5926.5,0.0,5926.5,0
2025-03-03 22:08:00-06:00,5926.5,5926.5,5926.5,5926.5,0.0,5926.5,0
2025-03-03 22:09:00-06:00,5926.5,5926.5,5926.5,5926.5,0.0,5926.5,0
2025-03-03 22:10:00-06:00,5926.5,5926.5,5926.5,5926.5,0.0,5926.5,0
2025-03-03 22:11:00-06:00,5926.5,5926.5,5926.5,5926.5,0.0,5926.5,0
2025-03-03 22:12:00-06:00,5929.5,5929.5,5929.5,5929.5,2.0,5929.5,1
2025-03-03 22:13:00-06:00,5929.5,5929.5,5929.5,5929.5,0.0,5929.5,0
2025-03-03 22:14:00-06:00,5927.75,5927.75,5927.75,5927.75,4.0,5927.75,1
2025-03-03 22:15:00-06:00,5927.75,5927.75,5927.75,5927.75,0.0,5927.75,0
2025-03-03 22:16:00-06:00,5927.75,5927.75,5927.75,5927.75,0.0,5927.75,0
2025-03-03 22:17:00-06:00,5927.75,5927.75,5927.75,5927.75,0.0,5927.75,0
2025-03-03 22:18:00-06:00,5927.5,5927.5,5927.5,5927.5,1.0,5927.5,1
2025-03-03 22:19:00-06:00,5927.5,5927.5,5927.5,5927.5,0.0,5927.5,0
2025-03-03 22:20:00-06:00,5928.25,5928.25,5928.25,5928.25,1.0,5928.25,1
2025-03-03 22:21:00-06:00,5928.25,5928.25,5928.25,5928.25,0.0,5928.25,0
2025-03-03 22:22:00-06:00,5928.25,5928.25,5928.25,5928.25,0.0,5928.25,0
2025-03-03 22:23:00-06:00,5928.25,5928.25,5928.25,5928.25,0.0,5928.25,0
2025-03-03 22:24:00-06:00,5931.5,5931.5,5931.5,5931.5,1.0,5931.5,1
2025-03-03 22:25:00-06:00,5931.5,5931.5,5931.5,5931.5,0.0,5931.5,0
2025-03-03 22:26:00-06:00,5931.5,5932.75,5931.5,5932.75,2.0,5932.125,2
2025-03-03 22:27:00-06:00,5931.5,5931.5,5931.5,5931.5,1.0,5931.5,1
2025-03-03 22:28:00-06:00,5931.5,5931.5,5931.5,5931.5,0.0,5931.5,0
2025-03-03 22:29:00-06:00,5931.5,5931.5,5931.5,5931.5,0.0,5931.5,0
2025-03-03 22:30:00-06:00,5931.5,5931.5,5931.5,5931.5,0.0,5931.5,0
2025-03-03 22:31:00-06:00,5931.25,5932.75,5931.25,5932.75,4.0,5932.0,2
2025-03-03 22:32:00-06:00,5932.75,5932.75,5932.75,5932.75,0.0,5932.75,0
2025-03-03 22:33:00-06:00,5932.75,5932.75,5932.75,5932.75,0.0,5932.75,0
2025-03-03 22:34:00-06:00,5932.5,5932.5,5932.5,5932.5,2.0,5932.5,2
2025-03-03 22:35:00-06:00,5932.5,5932.5,5932.5,5932.5,0.0,5932.5,0
2025-03-03 22:36:00-06:00,5930.0,5930.0,5930.0,5930.0,1.0,5930.0,1
2025-03-03 22:37:00-06:00,5930.0,5930.0,5930.0,5930.0,0.0,5930.0,0
2025-03-03 22:38:00-06:00,5930.0,5930.0,5930.0,5930.0,0.0,5930.0,0
2025-03-03 22:39:00-06:00,5930.0,5930.0,5930.0,5930.0,0.0,5930.0,0
2025-03-03 22:40:00-06:00,5925.25,5925.25,5923.5,5923.5,5.0,5923.95,3
2025-03-03 22:41:00-06:00,5925.5,5925.5,5924.0,5925.25,3.0,5924.925,3
2025-03-03 22:42:00-06:00,5925.25,5925.25,5925.25,5925.25,0.0,5925.25,0
2025-03-03 22:43:00-06:00,5925.25,5925.25,5925.25,5925.25,0.0,5925.25,0
2025-03-03 22:44:00-06:00,5925.25,5925.25,5925.25,5925.25,0.0,5925.25,0
2025-03-03 22:45:00-06:00,5925.25,5925.25,5925.25,5925.25,0.0,5925.25,0
2025-03-03 22:46:00-06:00,5925.25,5925.25,5925.25,5925.25,0.0,5925.25,0
2025-03-03 22:47:00-06:00,5925.25,5925.25,5925.25,5925.25,0.0,5925.25,0
2025-03-03 22:48:00-06:00,5924.0,5924.0,5924.0,5924.0,1.0,5924.0,1
2025-03-03 22:49:00-06:00,5924.0,5924.0,5924.0,5924.0,0.0,5924.0,0
2025-03-03 22:50:00-06:00,5924.0,5924.0,5924.0,5924.0,0.0,5924.0,0
2025-03-03 22:51:00-06:00,5924.0,5924.0,5924.0,5924.0,0.0,5924.0,0
2025-03-03 22:52:00-06:00,5924.0,5924.0,5924.0,5924.0,0.0,5924.0,0
2025-03-03 22:53:00-06:00,5924.0,5924.0,5924.0,5924.0,0.0,5924.0,0
2025-03-03 22:54:00-06:00,5924.0,5924.0,5924.0,5924.0,2.0,5924.0,1
2025-03-03 22:55:00-06:00,5924.0,5924.0,5924.0,5924.0,0.0,5924.0,0
2025-03-03 22:56:00-06:00,5924.0,5924.0,5924.0,5924.0,0.0,5924.0,0
2025-03-03 22:57:00-06:00,5924.0,5924.0,5924.0,5924.0,0.0,5924.0,0
2025-03-03 22:58:00-06:00,5926.0,5926.0,5926.0,5926.0,1.0,5926.0,1
2025-03-03 22:59:00-06:00,5926.0,5926.0,5926.0,5926.0,0.0,5926.0,0
2025-03-03 23:00:00-06:00,5926.0,5926.0,5926.0,5926.0,0.0,5926.0,0
2025-03-03 23:01:00-06:00,5920.0,5921.5,5915.0,5921.0,37.0,5917.9,10
2025-03-03 23:02:00-06:00,5925.25,5928.0,5925.0,5928.0,6.0,5926.25,4
2025-03-03 23:03:00-06:00,5928.0,5928.0,5928.0,5928.0,0.0,5928.0,0
2025-03-03 23:04:00-06:00,5934.5,5936.0,5931.0,5931.0,11.0,5934.15,7
2025-03-03 23:05:00-06:00,5930.0,5930.0,5930.0,5930.0,1.0,5930.0,1
2025-03-03 23:06:00-06:00,5934.25,5939.75,5934.25,5939.75,18.0,5935.625,9
2025-03-03 23:07:00-06:00,5939.75,5939.75,5939.75,5939.75,0.0,5939.75,0
2025-03-03 23:08:00-06:00,5935.75,5935.75,5935.5,5935.5,3.0,5935.675,2
2025-03-03 23:09:00-06:00,5933.0,5933.0,5933.0,5933.0,2.0,5933.0,1
2025-03-03 23:10:00-06:00,5933.0,5933.0,5933.0,5933.0,0.0,5933.0,0
2025-03-03 23:11:00-06:00,5933.0,5933.0,5933.0,5933.0,0.0,5933.0,0
2025-03-03 23:12:00-06:00,5930.0,5930.0,5930.0,5930.0,2.0,5930.0,1
2025-03-03 23:13:00-06:00,5930.0,5930.0,5930.0,5930.0,0.0,5930.0,0
2025-03-03 23:14:00-06:00,5926.0,5926.0,5926.0,5926.0,1.0,5926.0,1
2025-03-03 23:15:00-06:00,5927.0,5928.25,5927.0,5927.0,4.0,5927.325,3
2025-03-03 23:16:00-06:00,5927.0,5927.0,5927.0,5927.0,0.0,5927.0,0
2025-03-03 23:17:00-06:00,5927.0,5927.0,5927.0,5927.0,0.0,5927.0,0
2025-03-03 23:18:00-06:00,5927.0,5927.0,5927.0,5927.0,0.0,5927.0,0
2025-03-03 23:19:00-06:00,5927.0,5927.0,5927.0,5927.0,0.0,5927.0,0
2025-03-03 23:20:00-06:00,5927.0,5927.0,5927.0,5927.0,0.0,5927.0,0
2025-03-03 23:21:00-06:00,5930.0,5930.0,5930.0,5930.0,1.0,5930.0,1
2025-03-03 23:22:00-06:00,5930.0,5930.0,5930.0,5930.0,0.0,5930.0,0
2025-03-03 23:23:00-06:00,5930.0,5930.0,5930.0,5930.0,0.0,5930.0,0
2025-03-03 23:24:00-06:00,5930.0,5930.0,5930.0,5930.0,0.0,5930.0,0
2025-03-03 23:25:00-06:00,5934.25,5934.25,5934.25,5934.25,5.0,5934.25,3
2025-03-03 23:26:00-06:00,5934.5,5934.5,5934.5,5934.5,5.0,5934.5,1
2025-03-03 23:27:00-06:00,5933.25,5933.25,5933.25,5933.25,5.0,5933.25,1
2025-03-03 23:28:00-06:00,5933.25,5933.25,5933.25,5933.25,0.0,5933.25,0
2025-03-03 23:29:00-06:00,5935.0,5935.0,5935.0,5935.0,1.0,5935.0,1
2025-03-03 23:30:00-06:00,5935.5,5935.5,5934.0,5934.0,3.0,5934.5,2
2025-03-03 23:31:00-06:00,5934.0,5934.0,5934.0,5934.0,0.0,5934.0,0
2025-03-03 23:32:00-06:00,5934.0,5934.0,5934.0,5934.0,0.0,5934.0,0
2025-03-03 23:33:00-06:00,5934.0,5934.0,5934.0,5934.0,0.0,5934.0,0
2025-03-03 23:34:00-06:00,5933.0,5935.0,5933.0,5935.0,4.0,5934.5,2
2025-03-03 23:35:00-06:00,5935.0,5935.0,5934.0,5934.0,2.0,5934.5,2
2025-03-03 23:36:00-06:00,5934.0,5934.0,5934.0,5934.0,0.0,5934.0,0
2025-03-03 23:37:00-06:00,5934.0,5934.0,5934.0,5934.0,0.0,5934.0,0
2025-03-03 23:38:00-06:00,5934.0,5934.0,5934.0,5934.0,0.0,5934.0,0
2025-03-03 23:39:00-06:00,5934.0,5934.0,5934.0,5934.0,0.0,5934.0,0
2025-03-03 23:40:00-06:00,5934.0,5934.0,5934.0,5934.0,0.0,5934.0,0
2025-03-03 23:41:00-06:00,5934.0,5934.0,5934.0,5934.0,0.0,5934.0,0
2025-03-03 23:42:00-06:00,5934.0,5934.0,5934.0,5934.0,0.0,5934.0,0
2025-03-03 23:43:00-06:00,5933.0,5933.0,5933.0,5933.0,1.0,5933.0,1
2025-03-03 23:44:00-06:00,5933.0,5933.0,5933.0,5933.0,1.0,5933.0,1
2025-03-03 23:45:00-06:00,5933.25,5933.25,5933.25,5933.25,1.0,5933.25,1
2025-03-03 23:46:00-06:00,5933.25,5933.25,5933.25,5933.25,0.0,5933.25,0
2025-03-03 23:47:00-06:00,5932.0,5932.0,5932.0,5932.0,1.0,5932.0,1
2025-03-03 23:48:00-06:00,5931.0,5931.0,5930.25,5930.25,2.0,5930.625,2
2025-03-03 23:49:00-06:00,5930.25,5930.25,5930.25,5930.25,0.0,5930.25,0
2025-03-03 23:50:00-06:00,5932.75,5932.75,5932.75,5932.75,1.0,5932.75,1
2025-03-03 23:51:00-06:00,5932.75,5932.75,5932.75,5932.75,0.0,5932.75,0
2025-03-03 23:52:00-06:00,5932.75,5932.75,5932.75,5932.75,0.0,5932.75,0
2025-03-03 23:53:00-06:00,5933.0,5933.0,5933.0,5933.0,2.0,5933.0,2
2025-03-03 23:54:00-06:00,5932.5,5932.5,5932.5,5932.5,1.0,5932.5,1
2025-03-03 23:55:00-06:00,5932.5,5932.5,5932.5,5932.5,0.0,5932.5,0
2025-03-03 23:56:00-06:00,5932.5,5932.5,5932.5,5932.5,0.0,5932.5,0
2025-03-03 23:57:00-06:00,5932.5,5932.5,5932.5,5932.5,0.0,5932.5,0
2025-03-03 23:58:00-06:00,5932.5,5932.5,5932.5,5932.5,0.0,5932.5,0
2025-03-03 23:59:00-06:00,5932.5,5932.5,5932.5,5932.5,0.0,5932.5,0
2025-03-04 00:00:00-06:00,5931.0,5931.0,5931.0,5931.0,2.0,5931.0,1
2025-03-04 00:01:00-06:00,5930.25,5930.25,5930.25,5930.25,1.0,5930.25,1
2025-03-04 00:02:00-06:00,5930.25,5930.25,5930.25,5930.25,0.0,5930.25,0
2025-03-04 00:03:00-06:00,5930.25,5930.25,5930.25,5930.25,0.0,5930.25,0
2025-03-04 00:04:00-06:00,5930.25,5930.25,5930.25,5930.25,0.0,5930.25,0
2025-03-04 00:05:00-06:00,5930.25,5930.25,5930.25,5930.25,0.0,5930.25,0
2025-03-04 00:06:00-06:00,5932.25,5932.25,5932.25,5932.25,2.0,5932.25,2
2025-03-04 00:07:00-06:00,5932.25,5932.25,5932.25,5932.25,0.0,5932.25,0
2025-03-04 00:08:00-06:00,5932.25,5932.25,5932.25,5932.25,0.0,5932.25,0
2025-03-04 00:09:00-06:00,5932.25,5932.25,5932.25,5932.25,0.0,5932.25,0
2025-03-04 00:10:00-06:00,5932.25,5932.25,5932.25,5932.25,0.0,5932.25,0
2025-03-04 00:11:00-06:00,5932.25,5932.25,5932.25,5932.25,0.0,5932.25,0
2025-03-04 00:12:00-06:00,5932.25,5932.25,5932.25,5932.25,0.0,5932.25,0
2025-03-04 00:13:00-06:00,5924.25,5926.25,5924.25,5926.25,2.0,5925.25,2
2025-03-04 00:14:00-06:00,5926.25,5926.25,5926.25,5926.25,0.0,5926.25,0
2025-03-04 00:15:00-06:00,5927.0,5927.0,5926.25,5926.25,2.0,5926.625,2
2025-03-04 00:16:00-06:00,5926.25,5926.25,5926.25,5926.25,0.0,5926.25,0
2025-03-04 00:17:00-06:00,5928.25,5928.25,5928.25,5928.25,1.0,5928.25,1
2025-03-04 00:18:00-06:00,5928.25,5928.25,5928.25,5928.25,0.0,5928.25,0
2025-03-04 00:19:00-06:00,5928.25,5928.25,5928.25,5928.25,0.0,5928.25,0
2025-03-04 00:20:00-06:00,5931.75,5931.75,5931.75,5931.75,1.0,5931.75,1
2025-03-04 00:21:00-06:00,5931.75,5931.75,5931.75,5931.75,0.0,5931.75,0
2025-03-04 00:22:00-06:00,5933.0,5933.0,5933.0,5933.0,1.0,5933.0,1
2025-03-04 00:23:00-06:00,5932.25,5932.25,5932.25,5932.25,1.0,5932.25,1
2025-03-04 00:24:00-06:00,5935.0,5935.0,5935.0,5935.0,2.0,5935.0,1
2025-03-04 00:25:00-06:00,5935.0,5935.0,5934.5,5934.5,2.0,5934.75,2
2025-03-04 00:26:00-06:00,5934.5,5934.5,5934.5,5934.5,0.0,5934.5,0
2025-03-04 00:27:00-06:00,5934.5,5934.5,5934.5,5934.5,0.0,5934.5,0
2025-03-04 00:28:00-06:00,5934.5,5934.5,5934.5,5934.5,0.0,5934.5,0
2025-03-04 00:29:00-06:00,5934.25,5934.25,5933.75,5933.75,2.0,5934.0,2
2025-03-04 00:30:00-06:00,5933.75,5933.75,5933.75,5933.75,0.0,5933.75,0
2025-03-04 00:31:00-06:00,5933.75,5933.75,5933.75,5933.75,0.0,5933.75,0
2025-03-04 00:32:00-06:00,5933.75,5933.75,5933.75,5933.75,0.0,5933.75,0
2025-03-04 00:33:00-06:00,5933.75,5933.75,5933.75,5933.75,0.0,5933.75,0
2025-03-04 00:34:00-06:00,5933.75,5933.75,5933.75,5933.75,0.0,5933.75,0
2025-03-04 00:35:00-06:00,5929.5,5929.5,5929.5,5929.5,1.0,5929.5,1
2025-03-04 00:36:00-06:00,5928.75,5929.0,5927.0,5929.0,10.0,5927.975,5
2025-03-04 00:37:00-06:00,5929.0,5929.0,5929.0,5929.0,0.0,5929.0,0
2025-03-04 00:38:00-06:00,5927.75,5927.75,5927.0,5927.0,3.0,5927.325,3
2025-03-04 00:39:00-06:00,5927.0,5928.5,5927.0,5928.5,37.0,5927.85,6
2025-03-04 00:40:00-06:00,5928.25,5928.25,5928.25,5928.25,1.0,5928.25,1
2025-03-04 00:41:00-06:00,5929.5,5929.5,5929.5,5929.5,2.0,5929.5,1
2025-03-04 00:42:00-06:00,5929.5,5929.5,5929.5,5929.5,0.0,5929.5,0
2025-03-04 00:43:00-06:00,5930.5,5930.5,5930.5,5930.5,1.0,5930.5,1
2025-03-04 00:44:00-06:00,5930.5,5930.5,5930.5,5930.5,0.0,5930.5,0
2025-03-04 00:45:00-06:00,5930.5,5930.5,5930.5,5930.5,0.0,5930.5,0
2025-03-04 00:46:00-06:00,5931.25,5931.25,5931.25,5931.25,1.0,5931.25,1
2025-03-04 00:47:00-06:00,5931.25,5931.25,5931.25,5931.25,0.0,5931.25,0
2025-03-04 00:48:00-06:00,5931.25,5931.25,5931.25,5931.25,0.0,5931.25,0
2025-03-04 00:49:00-06:00,5933.0,5933.0,5933.0,5933.0,1.0,5933.0,1
2025-03-04 00:50:00-06:00,5933.0,5933.0,5933.0,5933.0,0.0,5933.0,0
2025-03-04 00:51:00-06:00,5936.0,5936.0,5936.0,5936.0,1.0,5936.0,1
2025-03-04 00:52:00-06:00,5933.75,5933.75,5933.75,5933.75,1.0,5933.75,1
2025-03-04 00:53:00-06:00,5933.75,5933.75,5933.75,5933.75,0.0,5933.75,0
2025-03-04 00:54:00-06:00,5933.75,5933.75,5933.75,5933.75,0.0,5933.75,0
2025-03-04 00:55:00-06:00,5933.5,5933.5,5933.5,5933.5,1.0,5933.5,1
2025-03-04 00:56:00-06:00,5933.5,5933.5,5933.5,5933.5,0.0,5933.5,0
2025-03-04 00:57:00-06:00,5933.5,5933.5,5933.5,5933.5,0.0,5933.5,0
2025-03-04 00:58:00-06:00,5934.75,5934.75,5934.75,5934.75,1.0,5934.75,1
2025-03-04 00:59:00-06:00,5934.5,5934.5,5934.5,5934.5,1.0,5934.5,1
2025-03-04 01:00:00-06:00,5931.75,5931.75,5931.75,5931.75,1.0,5931.75,1
2025-03-04 01:01:00-06:00,5931.75,5931.75,5931.75,5931.75,0.0,5931.75,0
2025-03-04 01:02:00-06:00,5933.5,5933.5,5933.5,5933.5,1.0,5933.5,1
2025-03-04 01:03:00-06:00,5934.75,5934.75,5932.5,5932.5,4.0,5933.625,2
2025-03-04 01:04:00-06:00,5930.5,5930.5,5930.5,5930.5,3.0,5930.5,2
2025-03-04 01:05:00-06:00,5930.0,5930.0,5930.0,5930.0,1.0,5930.0,1
2025-03-04 01:06:00-06:00,5930.0,5930.0,5930.0,5930.0,0.0,5930.0,0
2025-03-04 01:07:00-06:00,5929.0,5929.0,5929.0,5929.0,1.0,5929.0,1
2025-03-04 01:08:00-06:00,5929.0,5929.0,5929.0,5929.0,0.0,5929.0,0
2025-03-04 01:09:00-06:00,5925.0,5925.0,5925.0,5925.0,1.0,5925.0,1
2025-03-04 01:10:00-06:00,5920.0,5920.0,5920.0,5920.0,1.0,5920.0,1
2025-03-04 01:11:00-06:00,5920.0,5920.0,5920.0,5920.0,0.0,5920.0,0
2025-03-04 01:12:00-06:00,5920.25,5920.25,5918.0,5918.0,2.0,5919.125,2
2025-03-04 01:13:00-06:00,5917.5,5917.5,5917.0,5917.5,4.0,5917.325,4
2025-03-04 01:14:00-06:00,5919.0,5919.0,5919.0,5919.0,1.0,5919.0,1
2025-03-04 01:15:00-06:00,5920.5,5920.5,5920.5,5920.5,1.0,5920.5,1
2025-03-04 01:16:00-06:00,5919.25,5919.25,5919.25,5919.25,1.0,5919.25,1
2025-03-04 01:17:00-06:00,5920.0,5920.0,5920.0,5920.0,7.0,5920.0,1
2025-03-04 01:18:00-06:00,5920.0,5920.0,5920.0,5920.0,0.0,5920.0,0
2025-03-04 01:19:00-06:00,5920.0,5920.0,5920.0,5920.0,0.0,5920.0,0
2025-03-04 01:20:00-06:00,5920.0,5920.0,5920.0,5920.0,0.0,5920.0,0
2025-03-04 01:21:00-06:00,5920.0,5920.0,5920.0,5920.0,0.0,5920.0,0
2025-03-04 01:22:00-06:00,5920.0,5920.0,5920.0,5920.0,1.0,5920.0,1
2025-03-04 01:23:00-06:00,5920.0,5920.0,5920.0,5920.0,0.0,5920.0,0
2025-03-04 01:24:00-06:00,5920.0,5920.0,5920.0,5920.0,0.0,5920.0,0
2025-03-04 01:25:00-06:00,5920.0,5920.0,5920.0,5920.0,0.0,5920.0,0
2025-03-04 01:26:00-06:00,5920.0,5920.0,5920.0,5920.0,0.0,5920.0,0
2025-03-04 01:27:00-06:00,5920.5,5920.5,5920.5,5920.5,1.0,5920.5,1
2025-03-04 01:28:00-06:00,5920.5,5920.5,5920.5,5920.5,2.0,5920.5,2
2025-03-04 01:29:00-06:00,5920.5,5920.5,5920.5,5920.5,0.0,5920.5,0
2025-03-04 01:30:00-06:00,5920.5,5920.5,5920.5,5920.5,0.0,5920.5,0
2025-03-04 01:31:00-06:00,5920.25,5920.25,5920.25,5920.25,4.0,5920.25,1
2025-03-04 01:32:00-06:00,5920.25,5920.25,5920.25,5920.25,0.0,5920.25,0
2025-03-04 01:33:00-06:00,5923.0,5923.0,5920.0,5920.0,2.0,5921.5,2
2025-03-04 01:34:00-06:00,5920.0,5920.0,5920.0,5920.0,0.0,5920.0,0
2025-03-04 01:35:00-06:00,5922.0,5923.25,5922.0,5923.25,2.0,5922.625,2
2025-03-04 01:36:00-06:00,5923.25,5923.25,5923.25,5923.25,0.0,5923.25,0
2025-03-04 01:37:00-06:00,5919.25,5919.25,5919.25,5919.25,1.0,5919.25,1
2025-03-04 01:38:00-06:00,5919.25,5919.25,5919.25,5919.25,0.0,5919.25,0
2025-03-04 01:39:00-06:00,5919.25,5919.25,5919.25,5919.25,0.0,5919.25,0
2025-03-04 01:40:00-06:00,5919.25,5919.25,5919.25,5919.25,0.0,5919.25,0
2025-03-04 01:41:00-06:00,5919.25,5919.25,5919.25,5919.25,0.0,5919.25,0
2025-03-04 01:42:00-06:00,5917.5,5917.5,5917.5,5917.5,1.0,5917.5,1
2025-03-04 01:43:00-06:00,5917.5,5917.5,5917.5,5917.5,0.0,5917.5,0
2025-03-04 01:44:00-06:00,5917.5,5917.5,5917.5,5917.5,0.0,5917.5,0
2025-03-04 01:45:00-06:00,5917.5,5917.5,5917.5,5917.5,0.0,5917.5,0
2025-03-04 01:46:00-06:00,5920.5,5920.5,5920.5,5920.5,3.0,5920.5,2
2025-03-04 01:47:00-06:00,5920.5,5920.5,5920.5,5920.5,0.0,5920.5,0
2025-03-04 01:48:00-06:00,5920.5,5920.5,5920.5,5920.5,0.0,5920.5,0
2025-03-04 01:49:00-06:00,5920.5,5920.5,5920.5,5920.5,0.0,5920.5,0
2025-03-04 01:50:00-06:00,5920.25,5920.25,5920.25,5920.25,1.0,5920.25,1
2025-03-04 01:51:00-06:00,5920.25,5920.25,5920.25,5920.25,0.0,5920.25,0
2025-03-04 01:52:00-06:00,5920.25,5920.25,5920.25,5920.25,0.0,5920.25,0
2025-03-04 01:53:00-06:00,5920.25,5920.25,5920.25,5920.25,0.0,5920.25,0
2025-03-04 01:54:00-06:00,5920.25,5920.25,5920.25,5920.25,0.0,5920.25,0
2025-03-04 01:55:00-06:00,5917.5,5918.75,5917.5,5918.75,2.0,5918.125,2
2025-03-04 01:56:00-06:00,5920.0,5920.0,5920.0,5920.0,1.0,5920.0,1
2025-03-04 01:57:00-06:00,5917.0,5917.0,5915.0,5915.0,2.0,5916.0,2
2025-03-04 01:58:00-06:00,5915.0,5915.0,5915.0,5915.0,1.0,5915.0,1
2025-03-04 01:59:00-06:00,5915.0,5915.0,5915.0,5915.0,0.0,5915.0,0
2025-03-04 02:00:00-06:00,5919.0,5919.25,5919.0,5919.25,10.0,5919.225,2
2025-03-04 02:01:00-06:00,5919.25,5919.25,5919.25,5919.25,0.0,5919.25,0
2025-03-04 02:02:00-06:00,5917.0,5917.0,5917.0,5917.0,2.0,5917.0,1
2025-03-04 02:03:00-06:00,5917.75,5917.75,5917.75,5917.75,2.0,5917.75,1
2025-03-04 02:04:00-06:00,5918.0,5918.5,5918.0,5918.5,2.0,5918.25,2
2025-03-04 02:05:00-06:00,5917.75,5917.75,5917.75,5917.75,1.0,5917.75,1
2025-03-04 02:06:00-06:00,5917.0,5917.0,5917.0,5917.0,1.0,5917.0,1
2025-03-04 02:07:00-06:00,5917.0,5917.0,5917.0,5917.0,0.0,5917.0,0
2025-03-04 02:08:00-06:00,5914.0,5914.5,5913.0,5914.5,7.0,5913.35,4
2025-03-04 02:09:00-06:00,5914.0,5914.0,5914.0,5914.0,1.0,5914.0,1
2025-03-04 02:10:00-06:00,5916.5,5916.5,5916.5,5916.5,1.0,5916.5,1
2025-03-04 02:11:00-06:00,5921.0,5921.0,5921.0,5921.0,1.0,5921.0,1
2025-03-04 02:12:00-06:00,5923.0,5923.0,5923.0,5923.0,1.0,5923.0,1
2025-03-04 02:13:00-06:00,5923.0,5923.0,5923.0,5923.0,0.0,5923.0,0
2025-03-04 02:14:00-06:00,5923.0,5923.0,5923.0,5923.0,0.0,5923.0,0
2025-03-04 02:15:00-06:00,5923.0,5923.0,5923.0,5923.0,0.0,5923.0,0
2025-03-04 02:16:00-06:00,5923.0,5923.0,5923.0,5923.0,0.0,5923.0,0
2025-03-04 02:17:00-06:00,5923.0,5923.0,5923.0,5923.0,0.0,5923.0,0
2025-03-04 02:18:00-06:00,5923.0,5923.0,5923.0,5923.0,0.0,5923.0,0
2025-03-04 02:19:00-06:00,5923.0,5923.0,5923.0,5923.0,0.0,5923.0,0
2025-03-04 02:20:00-06:00,5923.0,5923.0,5923.0,5923.0,1.0,5923.0,1
2025-03-04 02:21:00-06:00,5925.0,5925.75,5925.0,5925.75,2.0,5925.375,2
2025-03-04 02:22:00-06:00,5925.75,5925.75,5925.75,5925.75,0.0,5925.75,0
2025-03-04 02:23:00-06:00,5925.75,5925.75,5925.75,5925.75,0.0,5925.75,0
2025-03-04 02:24:00-06:00,5925.75,5925.75,5925.75,5925.75,0.0,5925.75,0
2025-03-04 02:25:00-06:00,5925.75,5925.75,5925.75,5925.75,0.0,5925.75,0
2025-03-04 02:26:00-06:00,5925.75,5925.75,5925.75,5925.75,0.0,5925.75,0
2025-03-04 02:27:00-06:00,5925.75,5925.75,5925.75,5925.75,0.0,5925.75,0
2025-03-04 02:28:00-06:00,5925.0,5925.75,5925.0,5925.75,2.0,5925.375,2
2025-03-04 02:29:00-06:00,5925.75,5925.75,5925.75,5925.75,0.0,5925.75,0
2025-03-04 02:30:00-06:00,5924.5,5924.5,5924.5,5924.5,1.0,5924.5,1
2025-03-04 02:31:00-06:00,5927.0,5927.0,5927.0,5927.0,1.0,5927.0,1
2025-03-04 02:32:00-06:00,5932.0,5932.0,5932.0,5932.0,1.0,5932.0,1
2025-03-04 02:33:00-06:00,5929.5,5929.5,5929.5,5929.5,1.0,5929.5,1
2025-03-04 02:34:00-06:00,5929.5,5929.5,5929.5,5929.5,0.0,5929.5,0
2025-03-04 02:35:00-06:00,5929.5,5929.5,5929.5,5929.5,0.0,5929.5,0
2025-03-04 02:36:00-06:00,5929.5,5929.5,5929.5,5929.5,0.0,5929.5,0
2025-03-04 02:37:00-06:00,5929.5,5929.5,5929.5,5929.5,0.0,5929.5,0
2025-03-04 02:38:00-06:00,5929.5,5929.5,5929.5,5929.5,1.0,5929.5,1
2025-03-04 02:39:00-06:00,5929.5,5929.5,5929.5,5929.5,0.0,5929.5,0
2025-03-04 02:40:00-06:00,5929.5,5929.5,5929.5,5929.5,0.0,5929.5,0
2025-03-04 02:41:00-06:00,5929.5,5929.5,5929.5,5929.5,0.0,5929.5,0
2025-03-04 02:42:00-06:00,5929.5,5929.5,5929.5,5929.5,0.0,5929.5,0
2025-03-04 02:43:00-06:00,5933.25,5933.25,5933.25,5933.25,1.0,5933.25,1
2025-03-04 02:44:00-06:00,5931.25,5931.25,5931.25,5931.25,1.0,5931.25,1
2025-03-04 02:45:00-06:00,5931.25,5931.25,5931.25,5931.25,0.0,5931.25,0
2025-03-04 02:46:00-06:00,5927.75,5927.75,5927.75,5927.75,1.0,5927.75,1
2025-03-04 02:47:00-06:00,5925.0,5925.0,5925.0,5925.0,1.0,5925.0,1
2025-03-04 02:48:00-06:00,5923.0,5923.0,5922.5,5922.5,2.0,5922.75,2
2025-03-04 02:49:00-06:00,5922.5,5922.5,5922.5,5922.5,0.0,5922.5,0
2025-03-04 02:50:00-06:00,5922.5,5922.5,5922.5,5922.5,0.0,5922.5,0
2025-03-04 02:51:00-06:00,5922.5,5922.5,5922.5,5922.5,0.0,5922.5,0
2025-03-04 02:52:00-06:00,5917.75,5918.75,5917.75,5918.0,4.0,5918.125,3
2025-03-04 02:53:00-06:00,5918.0,5918.0,5918.0,5918.0,0.0,5918.0,0
2025-03-04 02:54:00-06:00,5920.0,5920.0,5920.0,5920.0,1.0,5920.0,1
2025-03-04 02:55:00-06:00,5922.0,5922.0,5922.0,5922.0,1.0,5922.0,1
2025-03-04 02:56:00-06:00,5922.0,5922.0,5922.0,5922.0,0.0,5922.0,0
2025-03-04 02:57:00-06:00,5923.0,5923.0,5923.0,5923.0,1.0,5923.0,1
2025-03-04 02:58:00-06:00,5923.0,5923.0,5923.0,5923.0,1.0,5923.0,1
2025-03-04 02:59:00-06:00,5923.0,5923.0,5923.0,5923.0,0.0,5923.0,0
2025-03-04 03:00:00-06:00,5920.75,5920.75,5920.75,5920.75,1.0,5920.75,1
2025-03-04 03:01:00-06:00,5925.5,5925.5,5925.5,5925.5,2.0,5925.5,1
2025-03-04 03:02:00-06:00,5925.5,5925.5,5925.5,5925.5,0.0,5925.5,0
2025-03-04 03:03:00-06:00,5925.5,5925.5,5925.5,5925.5,0.0,5925.5,0
2025-03-04 03:04:00-06:00,5931.0,5931.0,5929.5,5929.5,3.0,5930.0,2
2025-03-04 03:05:00-06:00,5929.5,5929.5,5929.5,5929.5,0.0,5929.5,0
2025-03-04 03:06:00-06:00,5929.5,5929.5,5929.5,5929.5,0.0,5929.5,0
2025-03-04 03:07:00-06:00,5929.5,5929.5,5929.5,5929.5,0.0,5929.5,0
2025-03-04 03:08:00-06:00,5929.5,5929.5,5929.5,5929.5,0.0,5929.5,0
2025-03-04 03:09:00-06:00,5927.0,5927.0,5927.0,5927.0,4.0,5927.0,1
2025-03-04 03:10:00-06:00,5929.75,5929.75,5929.75,5929.75,1.0,5929.75,1
2025-03-04 03:11:00-06:00,5931.25,5931.25,5931.25,5931.25,3.0,5931.25,1
2025-03-04 03:12:00-06:00,5931.25,5931.25,5931.25,5931.25,0.0,5931.25,0
2025-03-04 03:13:00-06:00,5931.25,5931.25,5931.25,5931.25,0.0,5931.25,0
2025-03-04 03:14:00-06:00,5931.25,5931.25,5931.25,5931.25,0.0,5931.25,0
2025-03-04 03:15:00-06:00,5931.25,5931.25,5931.25,5931.25,0.0,5931.25,0
2025-03-04 03:16:00-06:00,5923.0,5923.0,5922.0,5922.0,2.0,5922.5,2
2025-03-04 03:17:00-06:00,5922.0,5922.0,5922.0,5922.0,0.0,5922.0,0
2025-03-04 03:18:00-06:00,5922.0,5922.0,5922.0,5922.0,1.0,5922.0,1
2025-03-04 03:19:00-06:00,5922.0,5922.0,5922.0,5922.0,0.0,5922.0,0
2025-03-04 03:20:00-06:00,5923.5,5923.5,5923.5,5923.5,1.0,5923.5,1
2025-03-04 03:21:00-06:00,5924.5,5924.5,5924.5,5924.5,2.0,5924.5,1
2025-03-04 03:22:00-06:00,5924.5,5924.5,5924.5,5924.5,0.0,5924.5,0
2025-03-04 03:23:00-06:00,5923.0,5923.0,5923.0,5923.0,7.0,5923.0,1
2025-03-04 03:24:00-06:00,5923.0,5923.0,5923.0,5923.0,0.0,5923.0,0
2025-03-04 03:25:00-06:00,5921.5,5921.5,5921.5,5921.5,1.0,5921.5,1
2025-03-04 03:26:00-06:00,5921.5,5921.5,5921.5,5921.5,0.0,5921.5,0
2025-03-04 03:27:00-06:00,5921.5,5921.5,5921.5,5921.5,0.0,5921.5,0
2025-03-04 03:28:00-06:00,5923.25,5923.25,5923.25,5923.25,1.0,5923.25,1
2025-03-04 03:29:00-06:00,5925.0,5925.0,5925.0,5925.0,1.0,5925.0,1
2025-03-04 03:30:00-06:00,5925.0,5925.0,5925.0,5925.0,0.0,5925.0,0
2025-03-04 03:31:00-06:00,5925.0,5925.0,5925.0,5925.0,0.0,5925.0,0
2025-03-04 03:32:00-06:00,5921.75,5922.75,5921.75,5922.75,6.0,5921.925,2
2025-03-04 03:33:00-06:00,5922.75,5922.75,5922.75,5922.75,0.0,5922.75,0
2025-03-04 03:34:00-06:00,5922.75,5922.75,5922.75,5922.75,0.0,5922.75,0
2025-03-04 03:35:00-06:00,5921.25,5921.25,5920.75,5921.25,3.0,5921.075,3
2025-03-04 03:36:00-06:00,5920.0,5920.0,5919.25,5919.25,2.0,5919.625,2
2025-03-04 03:37:00-06:00,5920.0,5920.25,5920.0,5920.25,4.0,5920.2,2
2025-03-04 03:38:00-06:00,5920.25,5920.25,5920.25,5920.25,0.0,5920.25,0
2025-03-04 03:39:00-06:00,5920.25,5920.25,5920.25,5920.25,0.0,5920.25,0
2025-03-04 03:40:00-06:00,5920.25,5920.25,5920.25,5920.25,0.0,5920.25,0
2025-03-04 03:41:00-06:00,5916.0,5916.0,5916.0,5916.0,1.0,5916.0,1
2025-03-04 03:42:00-06:00,5916.0,5916.0,5916.0,5916.0,1.0,5916.0,1
2025-03-04 03:43:00-06:00,5916.0,5916.0,5916.0,5916.0,0.0,5916.0,0
2025-03-04 03:44:00-06:00,5916.0,5916.0,5916.0,5916.0,0.0,5916.0,0
2025-03-04 03:45:00-06:00,5916.0,5916.0,5916.0,5916.0,0.0,5916.0,0
2025-03-04 03:46:00-06:00,5916.0,5916.0,5916.0,5916.0,0.0,5916.0,0
2025-03-04 03:47:00-06:00,5916.0,5916.0,5916.0,5916.0,0.0,5916.0,0
2025-03-04 03:48:00-06:00,5916.0,5916.0,5916.0,5916.0,0.0,5916.0,0
2025-03-04 03:49:00-06:00,5916.0,5916.0,5916.0,5916.0,0.0,5916.0,0
2025-03-04 03:50:00-06:00,5916.0,5916.0,5916.0,5916.0,0.0,5916.0,0
2025-03-04 03:51:00-06:00,5916.0,5916.0,5916.0,5916.0,0.0,5916.0,0
2025-03-04 03:52:00-06:00,5919.0,5919.0,5919.0,5919.0,7.0,5919.0,2
2025-03-04 03:53:00-06:00,5919.0,5919.0,5919.0,5919.0,0.0,5919.0,0
2025-03-04 03:54:00-06:00,5919.0,5919.0,5919.0,5919.0,0.0,5919.0,0
2025-03-04 03:55:00-06:00,5919.0,5919.0,5919.0,5919.0,0.0,5919.0,0
2025-03-04 03:56:00-06:00,5919.0,5919.0,5919.0,5919.0,0.0,5919.0,0
2025-03-04 03:57:00-06:00,5918.25,5918.25,5917.5,5917.5,18.0,5917.65,3
2025-03-04 03:58:00-06:00,5917.5,5917.5,5917.5,5917.5,0.0,5917.5,0
2025-03-04 03:59:00-06:00,5919.0,5919.0,5918.75,5918.75,3.0,5918.925,2
2025-03-04 04:00:00-06:00,5915.75,5915.75,5913.25,5913.25,4.0,5914.325,4
2025-03-04 04:01:00-06:00,5912.25,5912.25,5912.25,5912.25,1.0,5912.25,1
2025-03-04 04:02:00-06:00,5911.25,5911.25,5907.5,5907.5,7.0,5909.65,7
2025-03-04 04:03:00-06:00,5907.0,5908.25,5905.0,5908.25,8.0,5906.9,3
2025-03-04 04:04:00-06:00,5911.75,5912.5,5911.75,5912.5,3.0,5912.25,2
2025-03-04 04:05:00-06:00,5912.5,5912.5,5912.5,5912.5,0.0,5912.5,0
2025-03-04 04:06:00-06:00,5912.5,5912.5,5912.5,5912.5,0.0,5912.5,0
2025-03-04 04:07:00-06:00,5912.5,5912.5,5912.5,5912.5,0.0,5912.5,0
2025-03-04 04:08:00-06:00,5912.5,5912.5,5912.5,5912.5,0.0,5912.5,0
2025-03-04 04:09:00-06:00,5917.5,5917.5,5917.5,5917.5,1.0,5917.5,1
2025-03-04 04:10:00-06:00,5918.0,5918.0,5918.0,5918.0,1.0,5918.0,1
2025-03-04 04:11:00-06:00,5918.0,5918.0,5918.0,5918.0,0.0,5918.0,0
2025-03-04 04:12:00-06:00,5918.0,5918.0,5918.0,5918.0,0.0,5918.0,0
2025-03-04 04:13:00-06:00,5918.0,5918.0,5918.0,5918.0,0.0,5918.0,0
2025-03-04 04:14:00-06:00,5918.0,5918.0,5918.0,5918.0,1.0,5918.0,1
2025-03-04 04:15:00-06:00,5918.0,5918.0,5918.0,5918.0,0.0,5918.0,0
2025-03-04 04:16:00-06:00,5918.5,5920.5,5918.5,5920.5,8.0,5920.2,3
2025-03-04 04:17:00-06:00,5920.5,5920.5,5920.5,5920.5,0.0,5920.5,0
2025-03-04 04:18:00-06:00,5920.5,5920.5,5920.5,5920.5,0.0,5920.5,0
2025-03-04 04:19:00-06:00,5920.5,5920.5,5920.5,5920.5,0.0,5920.5,0
2025-03-04 04:20:00-06:00,5915.0,5915.0,5915.0,5915.0,1.0,5915.0,1
2025-03-04 04:21:00-06:00,5915.0,5915.0,5915.0,5915.0,0.0,5915.0,0
2025-03-04 04:22:00-06:00,5916.25,5916.25,5916.25,5916.25,2.0,5916.25,1
2025-03-04 04:23:00-06:00,5916.25,5916.25,5916.25,5916.25,0.0,5916.25,0
2025-03-04 04:24:00-06:00,5916.25,5916.25,5916.25,5916.25,0.0,5916.25,0
2025-03-04 04:25:00-06:00,5916.25,5916.25,5916.25,5916.25,0.0,5916.25,0
2025-03-04 04:26:00-06:00,5913.25,5913.25,5913.25,5913.25,1.0,5913.25,1
2025-03-04 04:27:00-06:00,5913.25,5913.25,5913.25,5913.25,0.0,5913.25,0
2025-03-04 04:28:00-06:00,5911.25,5911.25,5911.25,5911.25,1.0,5911.25,1
2025-03-04 04:29:00-06:00,5911.25,5911.25,5911.25,5911.25,0.0,5911.25,0
2025-03-04 04:30:00-06:00,5912.75,5912.75,5912.75,5912.75,1.0,5912.75,1
2025-03-04 04:31:00-06:00,5912.75,5912.75,5912.75,5912.75,0.0,5912.75,0
2025-03-04 04:32:00-06:00,5912.75,5912.75,5912.75,5912.75,0.0,5912.75,0
2025-03-04 04:33:00-06:00,5906.5,5907.0,5906.0,5906.0,6.0,5906.5,3
2025-03-04 04:34:00-06:00,5907.75,5907.75,5907.75,5907.75,1.0,5907.75,1
2025-03-04 04:35:00-06:00,5907.75,5907.75,5907.75,5907.75,0.0,5907.75,0
2025-03-04 04:36:00-06:00,5907.5,5907.5,5907.5,5907.5,1.0,5907.5,1
2025-03-04 04:37:00-06:00,5906.75,5907.0,5906.0,5906.0,6.0,5906.3,4
2025-03-04 04:38:00-06:00,5905.0,5906.5,5904.5,5906.5,4.0,5905.25,4
2025-03-04 04:39:00-06:00,5907.0,5907.0,5907.0,5907.0,1.0,5907.0,1
2025-03-04 04:40:00-06:00,5907.5,5907.5,5907.5,5907.5,1.0,5907.5,1
2025-03-04 04:41:00-06:00,5908.5,5908.5,5908.5,5908.5,4.0,5908.5,1
2025-03-04 04:42:00-06:00,5908.5,5908.5,5908.5,5908.5,0.0,5908.5,0
2025-03-04 04:43:00-06:00,5908.0,5908.0,5908.0,5908.0,1.0,5908.0,1
2025-03-04 04:44:00-06:00,5908.0,5908.0,5908.0,5908.0,0.0,5908.0,0
2025-03-04 04:45:00-06:00,5906.0,5908.0,5906.0,5908.0,4.0,5906.5,2
2025-03-04 04:46:00-06:00,5908.75,5908.75,5906.25,5906.25,2.0,5907.5,2
2025-03-04 04:47:00-06:00,5906.0,5908.75,5906.0,5908.75,7.0,5907.025,4
2025-03-04 04:48:00-06:00,5908.75,5908.75,5908.75,5908.75,0.0,5908.75,0
2025-03-04 04:49:00-06:00,5908.0,5908.0,5908.0,5908.0,1.0,5908.0,1
2025-03-04 04:50:00-06:00,5908.0,5908.0,5908.0,5908.0,0.0,5908.0,0
2025-03-04 04:51:00-06:00,5910.0,5910.0,5909.5,5909.5,2.0,5909.75,2
2025-03-04 04:52:00-06:00,5911.25,5911.25,5911.25,5911.25,1.0,5911.25,1
2025-03-04 04:53:00-06:00,5912.75,5912.75,5912.75,5912.75,1.0,5912.75,1
2025-03-04 04:54:00-06:00,5912.75,5912.75,5912.75,5912.75,0.0,5912.75,0
2025-03-04 04:55:00-06:00,5912.25,5912.25,5912.25,5912.25,5.0,5912.25,1
2025-03-04 04:56:00-06:00,5910.0,5910.0,5910.0,5910.0,5.0,5910.0,1
2025-03-04 04:57:00-06:00,5910.0,5910.0,5910.0,5910.0,0.0,5910.0,0
2025-03-04 04:58:00-06:00,5910.0,5910.0,5910.0,5910.0,0.0,5910.0,0
2025-03-04 04:59:00-06:00,5911.25,5911.25,5910.0,5910.0,5.0,5910.8,3
2025-03-04 05:00:00-06:00,5910.0,5910.0,5910.0,5910.0,0.0,5910.0,0
2025-03-04 05:01:00-06:00,5910.0,5910.0,5910.0,5910.0,0.0,5910.0,0
2025-03-04 05:02:00-06:00,5910.0,5910.0,5910.0,5910.0,2.0,5910.0,1
2025-03-04 05:03:00-06:00,5910.0,5910.0,5910.0,5910.0,1.0,5910.0,1
2025-03-04 05:04:00-06:00,5908.75,5908.75,5908.75,5908.75,2.0,5908.75,1
2025-03-04 05:05:00-06:00,5908.75,5908.75,5908.75,5908.75,0.0,5908.75,0
2025-03-04 05:06:00-06:00,5908.75,5908.75,5908.75,5908.75,0.0,5908.75,0
2025-03-04 05:07:00-06:00,5910.0,5912.0,5910.0,5912.0,6.0,5910.675,2
2025-03-04 05:08:00-06:00,5912.0,5912.0,5912.0,5912.0,0.0,5912.0,0
2025-03-04 05:09:00-06:00,5912.0,5912.0,5912.0,5912.0,0.0,5912.0,0
2025-03-04 05:10:00-06:00,5912.0,5912.0,5912.0,5912.0,0.0,5912.0,0
2025-03-04 05:11:00-06:00,5912.0,5914.75,5912.0,5914.75,8.0,5914.275,3
2025-03-04 05:12:00-06:00,5914.75,5914.75,5914.75,5914.75,0.0,5914.75,0
2025-03-04 05:13:00-06:00,5914.75,5914.75,5914.75,5914.75,0.0,5914.75,0
2025-03-04 05:14:00-06:00,5914.75,5914.75,5914.75,5914.75,0.0,5914.75,0
2025-03-04 05:15:00-06:00,5914.75,5914.75,5914.75,5914.75,0.0,5914.75,0
2025-03-04 05:16:00-06:00,5909.0,5909.0,5909.0,5909.0,1.0,5909.0,1
2025-03-04 05:17:00-06:00,5909.0,5909.0,5909.0,5909.0,0.0,5909.0,0
2025-03-04 05:18:00-06:00,5909.0,5909.0,5909.0,5909.0,0.0,5909.0,0
2025-03-04 05:19:00-06:00,5909.0,5909.0,5909.0,5909.0,0.0,5909.0,0
2025-03-04 05:20:00-06:00,5909.0,5909.0,5909.0,5909.0,0.0,5909.0,0
2025-03-04 05:21:00-06:00,5909.0,5909.0,5909.0,5909.0,1.0,5909.0,1
2025-03-04 05:22:00-06:00,5909.0,5909.0,5909.0,5909.0,0.0,5909.0,0
2025-03-04 05:23:00-06:00,5909.0,5909.0,5909.0,5909.0,0.0,5909.0,0
2025-03-04 05:24:00-06:00,5909.0,5909.0,5909.0,5909.0,0.0,5909.0,0
2025-03-04 05:25:00-06:00,5909.0,5909.0,5909.0,5909.0,0.0,5909.0,0
2025-03-04 05:26:00-06:00,5913.0,5913.5,5913.0,5913.5,2.0,5913.25,2
2025-03-04 05:27:00-06:00,5912.5,5912.5,5912.5,5912.5,1.0,5912.5,1
2025-03-04 05:28:00-06:00,5912.5,5912.5,5912.5,5912.5,0.0,5912.5,0
2025-03-04 05:29:00-06:00,5912.5,5912.5,5912.5,5912.5,0.0,5912.5,0
2025-03-04 05:30:00-06:00,5912.5,5912.5,5912.5,5912.5,1.0,5912.5,1
2025-03-04 05:31:00-06:00,5912.5,5912.5,5912.5,5912.5,0.0,5912.5,0
2025-03-04 05:32:00-06:00,5913.0,5913.0,5913.0,5913.0,1.0,5913.0,1
2025-03-04 05:33:00-06:00,5913.0,5913.0,5913.0,5913.0,0.0,5913.0,0
2025-03-04 05:34:00-06:00,5913.0,5913.0,5913.0,5913.0,0.0,5913.0,0
2025-03-04 05:35:00-06:00,5913.0,5913.0,5913.0,5913.0,0.0,5913.0,0
2025-03-04 05:36:00-06:00,5906.25,5906.25,5906.25,5906.25,3.0,5906.25,3
2025-03-04 05:37:00-06:00,5908.0,5908.0,5907.75,5907.75,2.0,5907.875,2
2025-03-04 05:38:00-06:00,5907.25,5907.25,5905.0,5905.5,10.0,5905.625,7
2025-03-04 05:39:00-06:00,5907.0,5907.0,5907.0,5907.0,1.0,5907.0,1
2025-03-04 05:40:00-06:00,5907.25,5907.25,5907.25,5907.25,6.0,5907.25,1
2025-03-04 05:41:00-06:00,5910.0,5910.0,5910.0,5910.0,2.0,5910.0,1
2025-03-04 05:42:00-06:00,5910.0,5910.0,5910.0,5910.0,0.0,5910.0,0
2025-03-04 05:43:00-06:00,5910.0,5910.0,5910.0,5910.0,0.0,5910.0,0
2025-03-04 05:44:00-06:00,5912.0,5912.0,5911.5,5911.5,2.0,5911.75,2
2025-03-04 05:45:00-06:00,5911.5,5911.5,5911.5,5911.5,0.0,5911.5,0
2025-03-04 05:46:00-06:00,5911.5,5911.5,5911.5,5911.5,0.0,5911.5,0
2025-03-04 05:47:00-06:00,5912.75,5912.75,5912.75,5912.75,1.0,5912.75,1
2025-03-04 05:48:00-06:00,5915.25,5915.25,5912.25,5912.25,4.0,5914.0,3
2025-03-04 05:49:00-06:00,5912.75,5912.75,5912.75,5912.75,1.0,5912.75,1
2025-03-04 05:50:00-06:00,5912.75,5912.75,5912.75,5912.75,0.0,5912.75,0
2025-03-04 05:51:00-06:00,5912.75,5912.75,5912.75,5912.75,0.0,5912.75,0
2025-03-04 05:52:00-06:00,5913.75,5913.75,5913.75,5913.75,1.0,5913.75,1
2025-03-04 05:53:00-06:00,5911.5,5911.5,5911.5,5911.5,1.0,5911.5,1
2025-03-04 05:54:00-06:00,5911.5,5911.5,5911.5,5911.5,0.0,5911.5,0
2025-03-04 05:55:00-06:00,5910.25,5910.25,5910.25,5910.25,2.0,5910.25,1
2025-03-04 05:56:00-06:00,5910.25,5910.25,5910.25,5910.25,0.0,5910.25,0
2025-03-04 05:57:00-06:00,5910.75,5910.75,5910.75,5910.75,1.0,5910.75,1
2025-03-04 05:58:00-06:00,5910.75,5910.75,5910.75,5910.75,0.0,5910.75,0
2025-03-04 05:59:00-06:00,5911.0,5911.0,5911.0,5911.0,1.0,5911.0,1
2025-03-04 06:00:00-06:00,5908.5,5908.5,5908.5,5908.5,1.0,5908.5,1
2025-03-04 06:01:00-06:00,5907.25,5907.25,5907.25,5907.25,2.0,5907.25,1
2025-03-04 06:02:00-06:00,5906.0,5906.0,5904.5,5904.5,2.0,5905.25,2
2025-03-04 06:03:00-06:00,5902.75,5904.0,5901.0,5901.0,13.0,5902.875,6
2025-03-04 06:04:00-06:00,5901.75,5902.0,5901.0,5901.25,5.0,5901.4,5
2025-03-04 06:05:00-06:00,5900.75,5900.75,5898.25,5900.75,23.0,5899.65,11
2025-03-04 06:06:00-06:00,5903.0,5903.0,5903.0,5903.0,1.0,5903.0,1
2025-03-04 06:07:00-06:00,5903.75,5903.75,5903.75,5903.75,1.0,5903.75,1
2025-03-04 06:08:00-06:00,5903.75,5903.75,5903.75,5903.75,0.0,5903.75,0
2025-03-04 06:09:00-06:00,5904.0,5905.0,5903.5,5903.5,3.0,5904.175,3
2025-03-04 06:10:00-06:00,5905.5,5905.75,5905.5,5905.75,2.0,5905.625,2
2025-03-04 06:11:00-06:00,5905.75,5906.25,5905.75,5906.25,4.0,5905.875,2
2025-03-04 06:12:00-06:00,5906.25,5906.25,5906.25,5906.25,0.0,5906.25,0
2025-03-04 06:13:00-06:00,5906.25,5906.25,5906.25,5906.25,0.0,5906.25,0
2025-03-04 06:14:00-06:00,5900.0,5900.75,5899.5,5900.0,8.0,5900.125,5
2025-03-04 06:15:00-06:00,5899.0,5901.25,5899.0,5901.25,3.0,5900.5,3
2025-03-04 06:16:00-06:00,5898.25,5898.25,5894.5,5894.5,8.0,5896.25,5
2025-03-04 06:17:00-06:00,5895.75,5895.75,5894.5,5894.5,4.0,5895.075,4
2025-03-04 06:18:00-06:00,5894.0,5894.0,5894.0,5894.0,4.0,5894.0,3
2025-03-04 06:19:00-06:00,5893.75,5894.0,5893.25,5893.5,16.0,5893.75,6
2025-03-04 06:20:00-06:00,5892.75,5892.75,5891.25,5891.25,3.0,5892.175,3
2025-03-04 06:21:00-06:00,5890.0,5890.0,5889.25,5889.25,11.0,5889.9,3
2025-03-04 06:22:00-06:00,5895.0,5895.0,5892.25,5892.25,8.0,5892.6,2
2025-03-04 06:23:00-06:00,5892.5,5892.5,5888.75,5888.75,2.0,5890.625,2
2025-03-04 06:24:00-06:00,5888.25,5888.25,5886.0,5886.75,30.0,5886.625,11
2025-03-04 06:25:00-06:00,5888.0,5888.0,5883.75,5884.5,7.0,5884.85,6
2025-03-04 06:26:00-06:00,5884.25,5886.75,5884.25,5886.0,14.0,5886.225,6
2025-03-04 06:27:00-06:00,5884.0,5884.0,5880.5,5880.5,11.0,5881.725,9
2025-03-04 06:28:00-06:00,5880.0,5880.0,5877.25,5878.25,36.0,5878.825,12
2025-03-04 06:29:00-06:00,5878.25,5878.5,5877.0,5877.0,6.0,5877.8,4
2025-03-04 06:30:00-06:00,5877.75,5879.25,5877.75,5878.5,12.0,5878.65,9
2025-03-04 06:31:00-06:00,5881.5,5884.25,5881.5,5884.25,27.0,5882.5,12
2025-03-04 06:32:00-06:00,5883.0,5884.5,5882.25,5883.0,13.0,5883.325,9
2025-03-04 06:33:00-06:00,5885.0,5886.75,5885.0,5885.0,6.0,5885.575,3
2025-03-04 06:34:00-06:00,5885.0,5885.0,5884.75,5884.75,2.0,5884.875,2
2025-03-04 06:35:00-06:00,5883.5,5884.5,5882.0,5884.5,4.0,5883.575,4
2025-03-04 06:36:00-06:00,5886.0,5886.0,5885.75,5885.75,2.0,5885.875,2
2025-03-04 06:37:00-06:00,5885.75,5886.25,5885.75,5886.25,2.0,5886.0,2
2025-03-04 06:38:00-06:00,5885.0,5886.75,5885.0,5886.75,2.0,5885.875,2
2025-03-04 06:39:00-06:00,5885.0,5885.0,5883.5,5883.5,2.0,5884.25,2
2025-03-04 06:40:00-06:00,5885.0,5887.25,5885.0,5887.25,4.0,5886.075,3
2025-03-04 06:41:00-06:00,5883.75,5883.75,5883.0,5883.0,2.0,5883.375,2
2025-03-04 06:42:00-06:00,5883.75,5883.75,5883.25,5883.25,2.0,5883.5,2
2025-03-04 06:43:00-06:00,5883.0,5883.0,5882.75,5882.75,2.0,5882.875,2
2025-03-04 06:44:00-06:00,5885.75,5886.25,5885.75,5886.25,3.0,5885.925,3
2025-03-04 06:45:00-06:00,5882.5,5882.5,5882.5,5882.5,1.0,5882.5,1
2025-03-04 06:46:00-06:00,5888.0,5888.25,5888.0,5888.25,12.0,5888.225,3
2025-03-04 06:47:00-06:00,5888.0,5890.5,5887.25,5887.25,13.0,5889.075,8
2025-03-04 06:48:00-06:00,5887.0,5887.25,5887.0,5887.25,4.0,5887.125,3
2025-03-04 06:49:00-06:00,5885.0,5886.0,5885.0,5886.0,3.0,5885.675,2
2025-03-04 06:50:00-06:00,5886.0,5886.5,5886.0,5886.5,3.0,5886.325,3
2025-03-04 06:51:00-06:00,5886.5,5886.5,5886.5,5886.5,0.0,5886.5,0
2025-03-04 06:52:00-06:00,5886.5,5886.5,5886.5,5886.5,0.0,5886.5,0
2025-03-04 06:53:00-06:00,5884.0,5884.0,5881.5,5881.5,25.0,5882.9,5
2025-03-04 06:54:00-06:00,5880.0,5880.0,5879.75,5879.75,2.0,5879.875,2
2025-03-04 06:55:00-06:00,5880.5,5880.5,5879.75,5879.75,2.0,5880.125,2
2025-03-04 06:56:00-06:00,5879.5,5879.5,5877.5,5877.5,9.0,5878.55,7
2025-03-04 06:57:00-06:00,5879.5,5879.5,5879.5,5879.5,3.0,5879.5,1
2025-03-04 06:58:00-06:00,5879.5,5879.5,5879.5,5879.5,0.0,5879.5,0
2025-03-04 06:59:00-06:00,5878.25,5878.25,5877.5,5877.5,5.0,5877.9,5
2025-03-04 07:00:00-06:00,5877.5,5878.5,5877.5,5877.75,3.0,5877.925,3
2025-03-04 07:01:00-06:00,5877.75,5877.75,5877.75,5877.75,0.0,5877.75,0
2025-03-04 07:02:00-06:00,5878.0,5878.0,5877.0,5877.0,11.0,5877.225,5
2025-03-04 07:03:00-06:00,5877.0,5877.0,5873.25,5877.0,17.0,5874.725,9
2025-03-04 07:04:00-06:00,5877.0,5877.0,5869.75,5871.25,21.0,5872.45,11
2025-03-04 07:05:00-06:00,5871.75,5873.0,5871.75,5873.0,4.0,5872.625,4
2025-03-04 07:06:00-06:00,5876.5,5879.25,5876.5,5879.25,12.0,5878.9,4
2025-03-04 07:07:00-06:00,5879.25,5879.75,5877.0,5877.0,9.0,5878.325,7
2025-03-04 07:08:00-06:00,5877.25,5877.25,5874.0,5874.25,4.0,5874.95,4
2025-03-04 07:09:00-06:00,5875.0,5876.0,5875.0,5876.0,3.0,5875.325,2
2025-03-04 07:10:00-06:00,5874.25,5874.25,5873.5,5873.5,2.0,5873.875,2
2025-03-04 07:11:00-06:00,5873.25,5873.25,5873.25,5873.25,2.0,5873.25,2
2025-03-04 07:12:00-06:00,5875.0,5875.0,5875.0,5875.0,1.0,5875.0,1
2025-03-04 07:13:00-06:00,5873.0,5873.25,5872.0,5872.0,4.0,5872.875,3
2025-03-04 07:14:00-06:00,5872.0,5872.0,5872.0,5872.0,0.0,5872.0,0
2025-03-04 07:15:00-06:00,5873.25,5873.25,5873.25,5873.25,1.0,5873.25,1
2025-03-04 07:16:00-06:00,5877.25,5878.5,5877.0,5878.5,15.0,5877.475,7
2025-03-04 07:17:00-06:00,5876.5,5877.25,5876.5,5877.25,20.0,5876.725,4
2025-03-04 07:18:00-06:00,5875.25,5875.25,5873.25,5873.25,5.0,5874.25,3
2025-03-04 07:19:00-06:00,5872.5,5872.75,5869.5,5871.0,39.0,5870.15,10
2025-03-04 07:20:00-06:00,5870.25,5871.75,5870.25,5870.25,9.0,5871.175,5
2025-03-04 07:21:00-06:00,5871.0,5871.0,5870.0,5870.0,4.0,5870.325,4
2025-03-04 07:22:00-06:00,5870.5,5872.25,5870.0,5872.25,15.0,5870.675,6
2025-03-04 07:23:00-06:00,5872.75,5872.75,5872.5,5872.5,4.0,5872.625,2
2025-03-04 07:24:00-06:00,5874.75,5874.75,5873.75,5873.75,4.0,5874.0,3
2025-03-04 07:25:00-06:00,5872.25,5873.5,5872.25,5872.75,5.0,5872.8,4
2025-03-04 07:26:00-06:00,5872.75,5872.75,5869.5,5870.5,13.0,5870.6,5
2025-03-04 07:27:00-06:00,5870.5,5870.5,5870.5,5870.5,5.0,5870.5,3
2025-03-04 07:28:00-06:00,5871.5,5871.75,5867.0,5869.0,46.0,5870.1,7
2025-03-04 07:29:00-06:00,5868.0,5869.0,5867.0,5869.0,10.0,5868.275,7
2025-03-04 07:30:00-06:00,5869.75,5873.0,5869.25,5873.0,13.0,5870.8,6
2025-03-04 07:31:00-06:00,5874.25,5877.0,5874.25,5876.25,10.0,5875.7,10
2025-03-04 07:32:00-06:00,5874.5,5874.5,5874.5,5874.5,1.0,5874.5,1
2025-03-04 07:33:00-06:00,5871.25,5871.25,5870.0,5870.0,8.0,5871.0,3
2025-03-04 07:34:00-06:00,5871.25,5871.5,5871.0,5871.5,5.0,5871.3,4
2025-03-04 07:35:00-06:00,5876.5,5878.5,5876.25,5876.25,4.0,5877.2,4
2025-03-04 07:36:00-06:00,5877.25,5877.5,5876.25,5877.0,9.0,5877.1,6
2025-03-04 07:37:00-06:00,5879.25,5880.0,5879.25,5880.0,2.0,5879.625,2
2025-03-04 07:38:00-06:00,5878.0,5878.0,5877.0,5877.0,9.0,5877.1,3
2025-03-04 07:39:00-06:00,5877.0,5877.0,5877.0,5877.0,0.0,5877.0,0
2025-03-04 07:40:00-06:00,5878.0,5878.0,5875.75,5875.75,17.0,5877.875,3
2025-03-04 07:41:00-06:00,5879.0,5879.0,5879.0,5879.0,1.0,5879.0,1
2025-03-04 07:42:00-06:00,5881.0,5881.0,5880.0,5880.0,8.0,5880.25,3
2025-03-04 07:43:00-06:00,5880.75,5880.75,5877.75,5877.75,4.0,5879.25,4
2025-03-04 07:44:00-06:00,5878.0,5878.0,5878.0,5878.0,3.0,5878.0,1
2025-03-04 07:45:00-06:00,5878.0,5878.0,5878.0,5878.0,0.0,5878.0,0
2025-03-04 07:46:00-06:00,5880.0,5880.0,5876.75,5876.75,8.0,5879.225,4
2025-03-04 07:47:00-06:00,5876.75,5876.75,5876.75,5876.75,0.0,5876.75,0
2025-03-04 07:48:00-06:00,5876.75,5876.75,5876.75,5876.75,0.0,5876.75,0
2025-03-04 07:49:00-06:00,5880.5,5880.5,5880.5,5880.5,1.0,5880.5,1
2025-03-04 07:50:00-06:00,5880.5,5880.5,5880.5,5880.5,0.0,5880.5,0
2025-03-04 07:51:00-06:00,5879.0,5879.0,5878.5,5878.5,3.0,5878.675,2
2025-03-04 07:52:00-06:00,5876.25,5876.25,5876.25,5876.25,3.0,5876.25,2
2025-03-04 07:53:00-06:00,5876.25,5876.25,5876.25,5876.25,0.0,5876.25,0
2025-03-04 07:54:00-06:00,5881.5,5882.75,5881.5,5882.75,5.0,5882.0,4
2025-03-04 07:55:00-06:00,5881.0,5881.0,5877.0,5877.0,20.0,5879.25,8
2025-03-04 07:56:00-06:00,5877.25,5877.25,5877.25,5877.25,2.0,5877.25,1
2025-03-04 07:57:00-06:00,5875.5,5875.75,5875.25,5875.75,3.0,5875.5,3
2025-03-04 07:58:00-06:00,5875.75,5875.75,5875.75,5875.75,0.0,5875.75,0
2025-03-04 07:59:00-06:00,5876.75,5876.75,5874.0,5874.0,15.0,5875.725,5
2025-03-04 08:00:00-06:00,5875.0,5875.0,5874.25,5874.25,3.0,5874.5,2
2025-03-04 08:01:00-06:00,5876.75,5878.0,5876.75,5878.0,4.0,5877.375,4
2025-03-04 08:02:00-06:00,5883.0,5886.25,5883.0,5885.75,19.0,5885.375,12
2025-03-04 08:03:00-06:00,5884.75,5884.75,5884.75,5884.75,2.0,5884.75,2
2025-03-04 08:04:00-06:00,5885.5,5885.5,5883.75,5883.75,4.0,5884.625,3
2025-03-04 08:05:00-06:00,5885.0,5885.0,5885.0,5885.0,1.0,5885.0,1
2025-03-04 08:06:00-06:00,5886.0,5886.0,5886.0,5886.0,3.0,5886.0,2
2025-03-04 08:07:00-06:00,5886.25,5886.5,5886.0,5886.25,17.0,5886.2,5
2025-03-04 08:08:00-06:00,5886.75,5887.25,5885.0,5885.0,18.0,5886.725,5
2025-03-04 08:09:00-06:00,5887.0,5888.25,5887.0,5888.25,3.0,5887.75,3
2025-03-04 08:10:00-06:00,5888.25,5890.0,5888.25,5890.0,16.0,5889.375,7
2025-03-04 08:11:00-06:00,5889.0,5889.0,5886.5,5886.5,11.0,5887.875,7
2025-03-04 08:12:00-06:00,5888.0,5888.0,5887.25,5887.5,3.0,5887.575,3
2025-03-04 08:13:00-06:00,5888.75,5888.75,5888.75,5888.75,1.0,5888.75,1
2025-03-04 08:14:00-06:00,5886.0,5887.25,5886.0,5887.25,2.0,5886.625,2
2025-03-04 08:15:00-06:00,5887.25,5887.25,5887.25,5887.25,0.0,5887.25,0
2025-03-04 08:16:00-06:00,5887.25,5887.25,5887.25,5887.25,0.0,5887.25,0
2025-03-04 08:17:00-06:00,5880.25,5880.25,5878.25,5878.25,14.0,5879.475,13
2025-03-04 08:18:00-06:00,5879.25,5882.25,5879.25,5880.25,16.0,5880.925,16
2025-03-04 08:19:00-06:00,5879.75,5881.75,5878.5,5878.5,16.0,5880.35,9
2025-03-04 08:20:00-06:00,5877.25,5877.25,5875.0,5876.25,13.0,5876.2,10
2025-03-04 08:21:00-06:00,5875.0,5877.0,5875.0,5876.75,5.0,5876.2,5
2025-03-04 08:22:00-06:00,5876.0,5876.0,5875.0,5875.75,4.0,5875.7,3
2025-03-04 08:23:00-06:00,5876.75,5879.0,5876.75,5878.5,7.0,5877.75,4
2025-03-04 08:24:00-06:00,5879.0,5879.0,5878.75,5878.75,2.0,5878.875,2
2025-03-04 08:25:00-06:00,5876.25,5877.75,5875.25,5877.0,10.0,5876.35,10
2025-03-04 08:26:00-06:00,5877.75,5887.25,5877.75,5884.0,49.0,5884.725,33
2025-03-04 08:27:00-06:00,5883.5,5884.0,5878.25,5878.25,21.0,5882.875,11
2025-03-04 08:28:00-06:00,5878.25,5878.25,5873.0,5875.5,22.0,5876.075,14
2025-03-04 08:29:00-06:00,5875.5,5877.5,5873.5,5873.5,6.0,5875.7,6
2025-03-04 08:30:00-06:00,5870.75,5875.0,5867.0,5871.25,82.0,5871.275,47
2025-03-04 08:31:00-06:00,5870.25,5873.75,5862.75,5863.25,54.0,5869.15,43
2025-03-04 08:32:00-06:00,5864.25,5866.75,5856.75,5858.75,125.0,5862.4,73
2025-03-04 08:33:00-06:00,5858.75,5861.5,5856.5,5858.0,31.0,5858.425,24
2025-03-04 08:34:00-06:00,5858.5,5865.0,5858.5,5862.75,61.0,5862.125,49
2025-03-04 08:35:00-06:00,5862.0,5868.0,5861.25,5862.75,48.0,5865.1,36
2025-03-04 08:36:00-06:00,5863.5,5876.5,5862.75,5871.0,69.0,5870.45,53
2025-03-04 08:37:00-06:00,5870.75,5875.0,5869.25,5873.0,40.0,5871.575,28
2025-03-04 08:38:00-06:00,5873.5,5878.0,5873.5,5875.5,52.0,5876.175,35
2025-03-04 08:39:00-06:00,5874.5,5874.75,5867.25,5867.25,18.0,5872.475,16
2025-03-04 08:40:00-06:00,5866.75,5873.75,5863.5,5871.25,58.0,5867.45,36
2025-03-04 08:41:00-06:00,5869.5,5869.5,5864.0,5866.75,19.0,5865.85,19
2025-03-04 08:42:00-06:00,5866.75,5866.75,5858.5,5859.0,33.0,5861.6,24
2025-03-04 08:43:00-06:00,5858.0,5860.75,5852.75,5856.25,90.0,5856.025,47
2025-03-04 08:44:00-06:00,5855.25,5866.25,5853.25,5861.75,125.0,5860.275,62
2025-03-04 08:45:00-06:00,5860.25,5860.75,5857.5,5857.5,48.0,5859.75,20
2025-03-04 08:46:00-06:00,5862.0,5868.25,5860.5,5862.75,40.0,5864.35,33
2025-03-04 08:47:00-06:00,5864.0,5867.25,5862.5,5864.25,52.0,5864.1,27
2025-03-04 08:48:00-06:00,5864.5,5872.25,5864.0,5865.75,62.0,5867.025,45
2025-03-04 08:49:00-06:00,5864.0,5865.75,5856.5,5856.5,25.0,5861.25,24
2025-03-04 08:50:00-06:00,5857.5,5857.75,5848.5,5850.5,137.0,5850.725,52
2025-03-04 08:51:00-06:00,5851.5,5853.5,5846.0,5853.5,43.0,5849.25,35
2025-03-04 08:52:00-06:00,5853.5,5856.5,5848.5,5850.25,29.0,5852.6,25
2025-03-04 08:53:00-06:00,5848.0,5848.25,5841.5,5845.25,61.0,5844.725,47
2025-03-04 08:54:00-06:00,5844.25,5846.25,5842.75,5846.0,39.0,5844.575,29
2025-03-04 08:55:00-06:00,5847.0,5853.0,5845.0,5846.25,19.0,5848.825,15
2025-03-04 08:56:00-06:00,5846.0,5850.0,5844.75,5847.5,50.0,5846.8,33
2025-03-04 08:57:00-06:00,5848.5,5848.5,5844.0,5845.5,41.0,5846.25,33
2025-03-04 08:58:00-06:00,5845.0,5846.25,5843.75,5845.75,16.0,5845.875,6
2025-03-04 08:59:00-06:00,5847.5,5847.5,5831.75,5833.25,106.0,5837.4,54
2025-03-04 09:00:00-06:00,5832.75,5832.75,5822.0,5828.0,112.0,5826.85,76
2025-03-04 09:01:00-06:00,5830.75,5837.0,5830.25,5835.0,60.0,5833.475,43
2025-03-04 09:02:00-06:00,5836.0,5836.25,5828.25,5828.25,26.0,5832.575,20
2025-03-04 09:03:00-06:00,5828.0,5829.5,5823.5,5829.5,47.0,5825.8,21
2025-03-04 09:04:00-06:00,5829.0,5835.0,5828.25,5831.25,37.0,5830.95,19
2025-03-04 09:05:00-06:00,5831.25,5836.0,5829.25,5831.0,40.0,5831.85,25
2025-03-04 09:06:00-06:00,5828.5,5830.5,5825.0,5827.0,23.0,5827.475,18
2025-03-04 09:07:00-06:00,5825.5,5825.5,5820.5,5820.5,75.0,5823.45,40
2025-03-04 09:08:00-06:00,5822.25,5825.75,5820.0,5822.75,47.0,5821.275,25
2025-03-04 09:09:00-06:00,5823.0,5826.5,5821.0,5821.0,45.0,5823.45,32
2025-03-04 09:10:00-06:00,5819.5,5819.5,5815.5,5816.75,71.0,5817.475,32
2025-03-04 09:11:00-06:00,5817.0,5818.75,5815.25,5818.0,37.0,5817.45,20
2025-03-04 09:12:00-06:00,5820.75,5826.75,5820.0,5825.25,33.0,5824.475,32
2025-03-04 09:13:00-06:00,5825.75,5827.75,5823.75,5823.75,12.0,5825.85,12
2025-03-04 09:14:00-06:00,5827.25,5828.25,5820.0,5822.75,31.0,5823.375,27
2025-03-04 09:15:00-06:00,5822.75,5822.75,5817.0,5817.25,46.0,5820.575,29
2025-03-04 09:16:00-06:00,5818.75,5818.75,5810.75,5811.75,39.0,5812.75,29
2025-03-04 09:17:00-06:00,5813.25,5813.25,5808.0,5810.0,87.0,5809.35,40
2025-03-04 09:18:00-06:00,5809.5,5810.25,5801.0,5802.5,90.0,5805.025,54
2025-03-04 09:19:00-06:00,5801.75,5803.25,5799.0,5802.25,134.0,5800.875,49
2025-03-04 09:20:00-06:00,5803.25,5807.0,5800.0,5805.75,55.0,5804.175,42
2025-03-04 09:21:00-06:00,5805.5,5807.25,5801.25,5801.5,41.0,5803.625,21
2025-03-04 09:22:00-06:00,5800.25,5805.0,5797.5,5805.0,62.0,5800.9,41
2025-03-04 09:23:00-06:00,5804.0,5811.0,5804.0,5806.25,47.0,5807.95,31
2025-03-04 09:24:00-06:00,5807.25,5810.5,5803.75,5808.5,56.0,5805.95,26
2025-03-04 09:25:00-06:00,5808.0,5810.0,5806.25,5808.0,20.0,5808.0,20
2025-03-04 09:26:00-06:00,5806.75,5815.0,5805.0,5813.25,34.0,5810.675,31
2025-03-04 09:27:00-06:00,5812.25,5823.25,5812.0,5820.25,36.0,5818.4,27
2025-03-04 09:28:00-06:00,5822.75,5823.0,5820.0,5820.0,65.0,5821.85,34
2025-03-04 09:29:00-06:00,5821.25,5825.5,5818.25,5821.5,52.0,5821.375,38
2025-03-04 09:30:00-06:00,5818.25,5825.25,5817.5,5825.25,26.0,5821.675,23
2025-03-04 09:31:00-06:00,5824.5,5832.25,5824.0,5829.0,32.0,5828.225,30
2025-03-04 09:32:00-06:00,5827.25,5828.75,5824.0,5828.75,25.0,5826.175,21
2025-03-04 09:33:00-06:00,5826.25,5836.0,5826.25,5834.25,64.0,5832.275,45
2025-03-04 09:34:00-06:00,5834.0,5834.0,5827.5,5830.25,41.0,5830.875,31
2025-03-04 09:35:00-06:00,5830.25,5834.0,5830.25,5832.5,11.0,5832.375,11
2025-03-04 09:36:00-06:00,5830.5,5830.5,5826.0,5827.25,22.0,5828.075,16
2025-03-04 09:37:00-06:00,5826.75,5833.5,5824.25,5830.0,116.0,5830.85,44
2025-03-04 09:38:00-06:00,5829.75,5830.5,5824.5,5828.75,23.0,5828.125,21
2025-03-04 09:39:00-06:00,5828.5,5830.0,5820.75,5822.5,22.0,5823.425,16
2025-03-04 09:40:00-06:00,5820.0,5821.5,5818.75,5819.75,15.0,5820.375,12
2025-03-04 09:41:00-06:00,5820.0,5829.0,5820.0,5826.5,28.0,5825.95,24
2025-03-04 09:42:00-06:00,5827.0,5827.0,5818.75,5823.25,15.0,5821.475,14
2025-03-04 09:43:00-06:00,5820.75,5821.0,5817.0,5819.25,27.0,5819.075,26
2025-03-04 09:44:00-06:00,5818.75,5828.75,5818.75,5828.75,23.0,5824.8,23
2025-03-04 09:45:00-06:00,5825.5,5833.0,5824.75,5830.5,21.0,5829.675,20
2025-03-04 09:46:00-06:00,5827.5,5827.5,5817.5,5818.25,33.0,5820.55,21
2025-03-04 09:47:00-06:00,5819.25,5819.25,5812.5,5817.75,25.0,5815.225,22
2025-03-04 09:48:00-06:00,5818.5,5826.75,5818.5,5826.75,23.0,5823.95,21
2025-03-04 09:49:00-06:00,5825.25,5828.75,5825.25,5827.75,16.0,5826.85,12
2025-03-04 09:50:00-06:00,5826.5,5826.5,5817.75,5818.0,12.0,5820.975,12
2025-03-04 09:51:00-06:00,5820.0,5820.75,5812.25,5814.75,12.0,5816.3,11
2025-03-04 09:52:00-06:00,5815.5,5817.0,5811.75,5816.0,32.0,5814.95,24
2025-03-04 09:53:00-06:00,5816.25,5817.0,5810.5,5810.75,18.0,5812.35,14
2025-03-04 09:54:00-06:00,5812.5,5814.25,5811.75,5813.75,20.0,5812.925,9
2025-03-04 09:55:00-06:00,5813.0,5813.0,5811.25,5812.0,9.0,5811.7,8
2025-03-04 09:56:00-06:00,5811.5,5814.25,5811.5,5812.75,14.0,5812.825,14
2025-03-04 09:57:00-06:00,5810.25,5813.0,5810.25,5812.75,5.0,5811.75,5
2025-03-04 09:58:00-06:00,5811.5,5813.25,5810.0,5810.75,10.0,5811.45,9
2025-03-04 09:59:00-06:00,5814.0,5817.25,5814.0,5816.0,31.0,5816.325,23
2025-03-04 10:00:00-06:00,5815.0,5820.25,5815.0,5820.0,23.0,5818.075,15
2025-03-04 10:01:00-06:00,5819.0,5819.25,5811.5,5811.75,31.0,5814.45,21
2025-03-04 10:02:00-06:00,5813.25,5813.25,5808.25,5813.25,20.0,5811.1,18
2025-03-04 10:03:00-06:00,5814.25,5821.75,5814.25,5821.75,41.0,5818.675,21
2025-03-04 10:04:00-06:00,5820.5,5820.5,5813.25,5813.25,19.0,5815.95,11
2025-03-04 10:05:00-06:00,5813.0,5814.25,5812.5,5812.5,11.0,5812.9,8
2025-03-04 10:06:00-06:00,5811.5,5811.5,5809.0,5811.0,20.0,5810.425,16
2025-03-04 10:07:00-06:00,5813.25,5813.5,5808.5,5809.0,21.0,5810.2,15
2025-03-04 10:08:00-06:00,5808.25,5808.25,5801.0,5802.5,70.0,5804.4,44
2025-03-04 10:09:00-06:00,5802.5,5803.0,5800.5,5801.75,17.0,5801.2,11
2025-03-04 10:10:00-06:00,5803.0,5803.25,5800.0,5802.0,62.0,5801.175,22
2025-03-04 10:11:00-06:00,5805.0,5813.0,5804.75,5810.0,39.0,5809.525,27
2025-03-04 10:12:00-06:00,5809.75,5817.75,5809.75,5817.75,20.0,5813.5,20
2025-03-04 10:13:00-06:00,5818.25,5820.75,5817.25,5820.75,35.0,5818.975,25
2025-03-04 10:14:00-06:00,5819.5,5822.25,5819.0,5822.25,27.0,5820.6,21
2025-03-04 10:15:00-06:00,5820.5,5825.75,5820.5,5824.0,54.0,5823.5,28
2025-03-04 10:16:00-06:00,5825.0,5825.0,5821.5,5822.25,24.0,5823.075,19
2025-03-04 10:17:00-06:00,5821.75,5821.75,5817.25,5817.75,35.0,5819.1,33
2025-03-04 10:18:00-06:00,5818.25,5818.25,5814.75,5815.25,23.0,5816.3,22
2025-03-04 10:19:00-06:00,5814.0,5814.0,5810.0,5810.5,17.0,5812.6,11
2025-03-04 10:20:00-06:00,5813.25,5816.5,5813.25,5814.0,6.0,5815.425,6
2025-03-04 10:21:00-06:00,5813.5,5816.0,5813.5,5814.0,17.0,5814.6,15
2025-03-04 10:22:00-06:00,5814.5,5816.25,5811.5,5815.0,40.0,5813.05,28
2025-03-04 10:23:00-06:00,5813.0,5813.5,5808.0,5808.0,14.0,5811.075,12
2025-03-04 10:24:00-06:00,5806.25,5809.0,5806.25,5808.0,16.0,5806.825,12
2025-03-04 10:25:00-06:00,5807.25,5807.5,5802.0,5804.0,26.0,5804.35,17
2025-03-04 10:26:00-06:00,5803.75,5806.75,5803.75,5806.75,13.0,5805.125,11
2025-03-04 10:27:00-06:00,5807.25,5807.5,5805.25,5806.0,8.0,5806.5,8
2025-03-04 10:28:00-06:00,5804.75,5806.75,5802.5,5803.0,16.0,5804.375,14
2025-03-04 10:29:00-06:00,5801.75,5805.5,5797.5,5805.0,137.0,5800.725,60
2025-03-04 10:30:00-06:00,5804.5,5816.5,5804.5,5811.25,40.0,5811.45,36
2025-03-04 10:31:00-06:00,5811.25,5812.0,5808.5,5809.0,21.0,5810.95,12
2025-03-04 10:32:00-06:00,5811.0,5817.25,5809.75,5817.25,21.0,5813.75,18
2025-03-04 10:33:00-06:00,5815.25,5815.75,5813.75,5813.75,15.0,5814.975,14
2025-03-04 10:34:00-06:00,5811.5,5814.25,5811.0,5811.0,29.0,5812.425,18
2025-03-04 10:35:00-06:00,5810.75,5812.0,5809.0,5812.0,16.0,5810.075,16
2025-03-04 10:36:00-06:00,5816.5,5818.25,5813.75,5814.25,21.0,5815.475,20
2025-03-04 10:37:00-06:00,5815.25,5817.5,5814.75,5817.5,11.0,5816.2,11
2025-03-04 10:38:00-06:00,5817.25,5817.25,5809.5,5811.0,20.0,5812.55,19
2025-03-04 10:39:00-06:00,5813.5,5814.75,5812.0,5812.0,5.0,5813.8,5
2025-03-04 10:40:00-06:00,5814.25,5818.75,5814.25,5817.25,28.0,5816.925,17
2025-03-04 10:41:00-06:00,5817.0,5818.0,5816.25,5818.0,9.0,5817.225,8
2025-03-04 10:42:00-06:00,5819.5,5823.5,5818.75,5823.5,42.0,5820.925,22
2025-03-04 10:43:00-06:00,5824.0,5828.75,5822.5,5825.0,84.0,5825.55,41
2025-03-04 10:44:00-06:00,5825.0,5827.75,5824.5,5827.75,10.0,5826.25,10
2025-03-04 10:45:00-06:00,5826.0,5829.0,5826.0,5827.75,15.0,5827.625,14
2025-03-04 10:46:00-06:00,5827.75,5829.0,5824.5,5825.5,27.0,5826.125,21
2025-03-04 10:47:00-06:00,5825.25,5827.0,5824.75,5827.0,25.0,5826.1,17
2025-03-04 10:48:00-06:00,5828.0,5828.25,5821.75,5824.5,14.0,5825.1,12
2025-03-04 10:49:00-06:00,5824.5,5833.5,5823.0,5832.25,23.0,5829.175,20
2025-03-04 10:50:00-06:00,5830.25,5837.75,5830.25,5833.25,43.0,5833.275,34
2025-03-04 10:51:00-06:00,5832.75,5832.75,5826.25,5827.25,19.0,5829.325,19
2025-03-04 10:52:00-06:00,5827.0,5830.25,5824.25,5829.25,29.0,5826.4,18
2025-03-04 10:53:00-06:00,5831.75,5839.0,5831.75,5838.0,26.0,5836.05,22
2025-03-04 10:54:00-06:00,5837.75,5837.75,5832.75,5834.25,29.0,5835.275,15
2025-03-04 10:55:00-06:00,5835.0,5838.25,5834.0,5838.25,17.0,5834.95,14
2025-03-04 10:56:00-06:00,5836.25,5839.0,5836.25,5838.75,19.0,5837.9,14
2025-03-04 10:57:00-06:00,5840.0,5840.25,5836.75,5836.75,29.0,5839.15,17
2025-03-04 10:58:00-06:00,5838.5,5840.75,5838.25,5839.0,30.0,5839.4,18
2025-03-04 10:59:00-06:00,5837.25,5837.5,5834.0,5834.25,24.0,5835.75,23
2025-03-04 11:00:00-06:00,5837.0,5837.75,5834.0,5834.0,10.0,5835.875,10
2025-03-04 11:01:00-06:00,5834.5,5834.5,5830.25,5833.25,38.0,5831.45,28
2025-03-04 11:02:00-06:00,5833.25,5835.75,5833.25,5835.75,13.0,5834.7,9
2025-03-04 11:03:00-06:00,5835.0,5835.25,5834.0,5835.25,7.0,5834.825,7
2025-03-04 11:04:00-06:00,5836.75,5839.5,5836.75,5838.5,13.0,5838.775,12
2025-03-04 11:05:00-06:00,5837.0,5838.0,5836.5,5837.0,4.0,5837.125,4
2025-03-04 11:06:00-06:00,5834.75,5834.75,5834.0,5834.25,11.0,5834.45,9
2025-03-04 11:07:00-06:00,5832.0,5833.0,5829.75,5830.0,16.0,5830.875,16
2025-03-04 11:08:00-06:00,5830.25,5832.25,5828.5,5831.75,14.0,5830.775,14
2025-03-04 11:09:00-06:00,5832.0,5833.5,5831.25,5831.25,7.0,5832.475,7
2025-03-04 11:10:00-06:00,5831.25,5836.5,5831.25,5836.5,7.0,5834.9,7
2025-03-04 11:11:00-06:00,5839.5,5842.0,5838.75,5841.5,18.0,5840.65,15
2025-03-04 11:12:00-06:00,5840.75,5840.75,5838.5,5838.75,9.0,5839.75,9
2025-03-04 11:13:00-06:00,5836.25,5836.25,5835.0,5835.75,5.0,5835.65,4
2025-03-04 11:14:00-06:00,5835.25,5837.75,5835.25,5837.75,4.0,5836.325,4
2025-03-04 11:15:00-06:00,5836.75,5841.5,5836.75,5841.5,6.0,5839.2,6
2025-03-04 11:16:00-06:00,5842.0,5842.0,5840.25,5841.0,8.0,5841.225,7
2025-03-04 11:17:00-06:00,5842.25,5843.5,5840.0,5841.0,16.0,5841.6,15
2025-03-04 11:18:00-06:00,5841.0,5842.0,5841.0,5841.25,7.0,5841.5,7
2025-03-04 11:19:00-06:00,5841.75,5843.25,5841.5,5843.0,21.0,5842.3,13
2025-03-04 11:20:00-06:00,5841.5,5844.0,5841.5,5842.25,17.0,5842.55,12
2025-03-04 11:21:00-06:00,5843.0,5850.5,5843.0,5850.5,41.0,5847.25,26
2025-03-04 11:22:00-06:00,5850.0,5852.0,5848.25,5848.5,14.0,5850.375,13
2025-03-04 11:23:00-06:00,5848.25,5850.0,5846.75,5848.25,32.0,5848.3,20
2025-03-04 11:24:00-06:00,5847.5,5848.5,5844.5,5846.25,81.0,5846.55,21
2025-03-04 11:25:00-06:00,5847.0,5850.5,5847.0,5850.5,10.0,5848.8,5
2025-03-04 11:26:00-06:00,5851.75,5854.75,5851.75,5853.5,35.0,5853.5,23
2025-03-04 11:27:00-06:00,5853.75,5858.0,5853.75,5856.5,34.0,5855.55,24
2025-03-04 11:28:00-06:00,5858.0,5860.0,5858.0,5858.25,19.0,5859.275,13
2025-03-04 11:29:00-06:00,5856.5,5856.5,5852.75,5854.0,26.0,5854.75,20
2025-03-04 11:30:00-06:00,5853.0,5853.0,5848.5,5849.75,42.0,5850.075,26
2025-03-04 11:31:00-06:00,5847.5,5847.5,5842.5,5847.5,28.0,5845.175,24
2025-03-04 11:32:00-06:00,5846.0,5850.5,5845.75,5849.0,17.0,5848.15,16
2025-03-04 11:33:00-06:00,5847.75,5847.75,5843.25,5845.5,3.0,5845.5,3
2025-03-04 11:34:00-06:00,5849.5,5850.25,5847.75,5850.25,8.0,5849.5,6
2025-03-04 11:35:00-06:00,5849.25,5852.25,5848.5,5850.5,18.0,5849.575,10
2025-03-04 11:36:00-06:00,5852.75,5855.5,5852.25,5854.0,15.0,5853.925,12
2025-03-04 11:37:00-06:00,5855.5,5856.5,5849.75,5849.75,15.0,5854.35,12
2025-03-04 11:38:00-06:00,5853.25,5855.5,5852.25,5854.25,17.0,5854.425,10
2025-03-04 11:39:00-06:00,5851.5,5851.5,5851.5,5851.5,1.0,5851.5,1
2025-03-04 11:40:00-06:00,5852.25,5855.0,5845.25,5848.0,64.0,5852.075,40
2025-03-04 11:41:00-06:00,5848.0,5851.75,5844.5,5849.25,45.0,5849.125,32
2025-03-04 11:42:00-06:00,5849.0,5849.5,5842.0,5844.0,25.0,5844.2,24
2025-03-04 11:43:00-06:00,5845.75,5850.25,5845.75,5850.25,18.0,5847.55,18
2025-03-04 11:44:00-06:00,5848.75,5850.0,5847.75,5850.0,20.0,5849.025,13
2025-03-04 11:45:00-06:00,5846.75,5855.0,5846.25,5855.0,14.0,5850.4,14
2025-03-04 11:46:00-06:00,5856.0,5856.5,5854.25,5856.0,56.0,5855.925,14
2025-03-04 11:47:00-06:00,5855.0,5855.25,5853.25,5853.5,10.0,5854.25,9
2025-03-04 11:48:00-06:00,5855.5,5856.0,5852.75,5852.75,24.0,5855.125,11
2025-03-04 11:49:00-06:00,5850.25,5850.5,5849.25,5849.5,12.0,5850.3,5
2025-03-04 11:50:00-06:00,5850.25,5850.5,5844.5,5845.0,30.0,5847.6,27
2025-03-04 11:51:00-06:00,5844.25,5844.25,5842.75,5843.0,11.0,5843.45,11
2025-03-04 11:52:00-06:00,5840.0,5841.0,5835.0,5836.25,50.0,5838.125,23
2025-03-04 11:53:00-06:00,5836.0,5843.75,5836.0,5843.75,16.0,5839.825,15
2025-03-04 11:54:00-06:00,5847.25,5848.0,5844.75,5845.5,21.0,5847.05,8
2025-03-04 11:55:00-06:00,5845.25,5845.25,5843.25,5843.25,4.0,5843.75,2
2025-03-04 11:56:00-06:00,5841.5,5842.25,5840.0,5840.75,4.0,5841.125,4
2025-03-04 11:57:00-06:00,5839.0,5842.0,5839.0,5840.5,12.0,5840.45,11
2025-03-04 11:58:00-06:00,5841.75,5841.75,5838.0,5839.25,8.0,5839.7,8
2025-03-04 11:59:00-06:00,5838.75,5841.5,5837.75,5840.0,11.0,5839.6,10
2025-03-04 12:00:00-06:00,5841.0,5844.25,5840.5,5842.5,13.0,5842.95,10
2025-03-04 12:01:00-06:00,5841.0,5841.25,5836.75,5840.25,16.0,5838.85,12
2025-03-04 12:02:00-06:00,5839.25,5839.25,5837.5,5837.5,3.0,5838.25,3
2025-03-04 12:03:00-06:00,5839.5,5846.5,5839.5,5846.5,14.0,5841.125,7
2025-03-04 12:04:00-06:00,5845.25,5846.75,5845.0,5845.0,8.0,5845.75,8
2025-03-04 12:05:00-06:00,5844.5,5850.0,5844.5,5846.75,33.0,5848.35,15
2025-03-04 12:06:00-06:00,5849.25,5849.25,5845.25,5845.25,7.0,5846.325,7
2025-03-04 12:07:00-06:00,5848.75,5848.75,5845.0,5845.0,5.0,5846.9,5
2025-03-04 12:08:00-06:00,5849.75,5858.5,5849.5,5858.5,53.0,5855.65,27
2025-03-04 12:09:00-06:00,5859.25,5861.25,5858.0,5861.25,36.0,5859.775,22
2025-03-04 12:10:00-06:00,5858.75,5867.75,5858.75,5867.75,27.0,5865.5,24
2025-03-04 12:11:00-06:00,5868.0,5869.25,5865.5,5867.5,30.0,5867.375,18
2025-03-04 12:12:00-06:00,5868.25,5873.75,5868.25,5872.25,38.0,5870.775,25
2025-03-04 12:13:00-06:00,5871.25,5876.25,5870.0,5872.75,46.0,5873.55,26
2025-03-04 12:14:00-06:00,5872.75,5875.25,5872.25,5873.5,14.0,5873.575,14
2025-03-04 12:15:00-06:00,5872.5,5873.5,5867.75,5869.5,29.0,5869.425,23
2025-03-04 12:16:00-06:00,5869.75,5870.75,5862.0,5863.25,24.0,5864.875,17
2025-03-04 12:17:00-06:00,5861.0,5863.0,5858.75,5861.0,19.0,5861.55,16
2025-03-04 12:18:00-06:00,5861.5,5861.5,5856.0,5861.25,34.0,5858.925,20
2025-03-04 12:19:00-06:00,5861.0,5866.5,5861.0,5861.5,16.0,5863.975,16
2025-03-04 12:20:00-06:00,5863.75,5863.75,5861.0,5861.0,7.0,5862.325,7
2025-03-04 12:21:00-06:00,5859.25,5861.5,5859.25,5861.5,3.0,5860.075,3
2025-03-04 12:22:00-06:00,5859.75,5859.75,5855.75,5856.25,11.0,5857.625,10
2025-03-04 12:23:00-06:00,5858.5,5858.5,5851.0,5854.0,16.0,5853.725,10
2025-03-04 12:24:00-06:00,5854.5,5855.0,5854.25,5855.0,5.0,5854.55,5
2025-03-04 12:25:00-06:00,5855.5,5855.5,5852.0,5853.75,20.0,5853.225,18
2025-03-04 12:26:00-06:00,5855.0,5856.5,5852.0,5852.0,7.0,5854.575,6
2025-03-04 12:27:00-06:00,5854.5,5854.5,5852.25,5852.75,4.0,5853.125,4
2025-03-04 12:28:00-06:00,5848.5,5850.0,5848.5,5849.5,20.0,5849.675,6
2025-03-04 12:29:00-06:00,5851.0,5851.0,5849.5,5851.0,9.0,5850.4,8
